distinctId,message,meta.address,meta.block_hash,meta.block_number,meta.chain,meta.contract,meta.log_index,meta.severity,meta.transaction_hash,meta.transaction_index,positions,protocol_id,timestamp,vault
"","",0xfc5126377f0efc0041c0969ef9ba903ce67d151e,0x31219f1daedf2a8fdaa08ed48f6a382d0e31b77807e24243c6d05c3da0543c91,27070462,999,MetaMorpho,13,INFO,0xe2cd288805b568a0f25ddbc0fa1424f7a6a9c0b2690bbe0be069797db9c07dfb,1,"[{""marketId"":""0x89fffba6e66db52690eed7aebe95d225388bd5c3c66950f759150e14d550cd86"",""supplyAPY"":""0"",""supplyBalance"":""6.8304205273628915743092816e-7"",""usdBalance"":""6.8304205273628915743092816e-7""},{""marketId"":""0x888679b2af61343a4c7c0da0639fc5ca5fc5727e246371c4425e4d634c09e1f6"",""supplyAPY"":""0.0031870893084039267"",""supplyBalance"":""4.9132738448475704904868788e-7"",""usdBalance"":""4.9132738448475704904868788e-7""},{""marketId"":""0x1c6b87ae1b97071ef444eedcba9f5a92cfe974edbbcaa1946644fc7ab0e283af"",""supplyAPY"":""0"",""supplyBalance"":""0"",""usdBalance"":""0""},{""marketId"":""0x78f6b57d825ef01a5dc496ad1f426a6375c685047d07a30cd07ac5107ffc7976"",""supplyAPY"":""5.28792323390552676355"",""supplyBalance"":""6582803.65280111878885046346259907886204"",""usdBalance"":""6582803.65280111878885046346259907886204""},{""marketId"":""0xace279b5c6eff0a1ce7287249369fa6f4d3d32225e1629b04ef308e0eb568fb0"",""supplyAPY"":""5.1480854636613306546"",""supplyBalance"":""5274943.1203908350259439083461822263812"",""usdBalance"":""5274943.1203908350259439083461822263812""},{""marketId"":""0x707dddc200e95dc984feb185abf1321cabec8486dca5a9a96fb5202184106e54"",""supplyAPY"":""5.41683513013378265419"",""supplyBalance"":""1275234.71251538325167348472755258942913"",""usdBalance"":""1275234.71251538325167348472755258942913""},{""marketId"":""0xfea758e88403739fee1113b26623f43d3c37b51dc1e1e8231b78b23d1404e439"",""supplyAPY"":""1.76074508023591897903"",""supplyBalance"":""80444.6241666728885444331837729949669"",""usdBalance"":""80444.6241666728885444331837729949669""},{""marketId"":""0xa405d10deb61400d6caecf06f07f395759ad813b83e33c262c9eb48645526f5d"",""supplyAPY"":""0.15756589203683866402"",""supplyBalance"":""393583.32725638129427784901912288743011"",""usdBalance"":""393583.32725638129427784901912288743011""},{""marketId"":""0xb39e45107152f02502c001a46e2d3513f429d2363323cdaffbc55a951a69b998"",""supplyAPY"":""4.92423995409916331528"",""supplyBalance"":""81088.70486786200204031515435298718705"",""usdBalance"":""81088.70486786200204031515435298718705""}]",Morpho,2026-02-12T07:20:05.000000+0000,0xFc5126377F0efc0041C0969Ef9BA903Ce67d151e
"","",0xfc5126377f0efc0041c0969ef9ba903ce67d151e,0x31219f1daedf2a8fdaa08ed48f6a382d0e31b77807e24243c6d05c3da0543c91,27070462,999,MetaMorpho,16,INFO,0xe2cd288805b568a0f25ddbc0fa1424f7a6a9c0b2690bbe0be069797db9c07dfb,1,"[{""marketId"":""0x89fffba6e66db52690eed7aebe95d225388bd5c3c66950f759150e14d550cd86"",""supplyAPY"":""0"",""supplyBalance"":""6.8304205273628915743092816e-7"",""usdBalance"":""6.8304205273628915743092816e-7""},{""marketId"":""0x888679b2af61343a4c7c0da0639fc5ca5fc5727e246371c4425e4d634c09e1f6"",""supplyAPY"":""0.0031870893084039267"",""supplyBalance"":""4.9132738448475704904868788e-7"",""usdBalance"":""4.9132738448475704904868788e-7""},{""marketId"":""0x1c6b87ae1b97071ef444eedcba9f5a92cfe974edbbcaa1946644fc7ab0e283af"",""supplyAPY"":""0"",""supplyBalance"":""0"",""usdBalance"":""0""},{""marketId"":""0x78f6b57d825ef01a5dc496ad1f426a6375c685047d07a30cd07ac5107ffc7976"",""supplyAPY"":""5.28792323390552676355"",""supplyBalance"":""6582803.65280111878885046346259907886204"",""usdBalance"":""6582803.65280111878885046346259907886204""},{""marketId"":""0xace279b5c6eff0a1ce7287249369fa6f4d3d32225e1629b04ef308e0eb568fb0"",""supplyAPY"":""5.1480854636613306546"",""supplyBalance"":""5274943.1203908350259439083461822263812"",""usdBalance"":""5274943.1203908350259439083461822263812""},{""marketId"":""0x707dddc200e95dc984feb185abf1321cabec8486dca5a9a96fb5202184106e54"",""supplyAPY"":""5.41683513013378265419"",""supplyBalance"":""1275234.71251538325167348472755258942913"",""usdBalance"":""1275234.71251538325167348472755258942913""},{""marketId"":""0xfea758e88403739fee1113b26623f43d3c37b51dc1e1e8231b78b23d1404e439"",""supplyAPY"":""1.76074508023591897903"",""supplyBalance"":""80444.6241666728885444331837729949669"",""usdBalance"":""80444.6241666728885444331837729949669""},{""marketId"":""0xa405d10deb61400d6caecf06f07f395759ad813b83e33c262c9eb48645526f5d"",""supplyAPY"":""0.15756589203683866402"",""supplyBalance"":""393583.32725638129427784901912288743011"",""usdBalance"":""393583.32725638129427784901912288743011""},{""marketId"":""0xb39e45107152f02502c001a46e2d3513f429d2363323cdaffbc55a951a69b998"",""supplyAPY"":""4.92423995409916331528"",""supplyBalance"":""81088.70486786200204031515435298718705"",""usdBalance"":""81088.70486786200204031515435298718705""}]",Morpho,2026-02-12T07:20:05.000000+0000,0xFc5126377F0efc0041C0969Ef9BA903Ce67d151e
"","",0x9c59a9389d8f72de2cdaf1126f36ea4790e2275e,0x4da918f10655a64af6d90f426cb84aff30eda9e6e74e1108ac5d79341e5601c8,27070396,999,MetaMorpho,24,INFO,0x1589d805c20675eaec8d3d0fe7b08321d49ed1f36577dbadbaddf3a041d16b9b,5,"[{""marketId"":""0xe0a1de770a9a72a083087fe1745c998426aaea984ddf155ea3d5fbba5b759713"",""supplyAPY"":""3.2108749656486e-7"",""supplyBalance"":""1.068332341627909425248428e-7"",""usdBalance"":""1.068332341627909425248428e-7""},{""marketId"":""0xa666cc1147beda1aa50fae4b40cb4c37a51230e84e80dcd31233487060913a8d"",""supplyAPY"":""0"",""supplyBalance"":""0"",""usdBalance"":""0""},{""marketId"":""0x96c7abf76aed53d50b2cc84e2ed17846e0d1c4cc28236d95b6eb3b12dcc86909"",""supplyAPY"":""33.79852964560678966574"",""supplyBalance"":""0.03285971001238366328264460687116"",""usdBalance"":""0.03285971001238366328264460687116""},{""marketId"":""0x87272614b7a2022c31ddd7bba8eb21d5ab40a6bcbea671264d59dc732053721d"",""supplyAPY"":""17.97809687565951970876"",""supplyBalance"":""71858.35960738809800606948878372403804"",""usdBalance"":""71858.35960738809800606948878372403804""},{""marketId"":""0x1f79fe1822f6bfe7a70f8e7e5e768efd0c3f10db52af97c2f14e4b71e3130e70"",""supplyAPY"":""0.05393949219401060989"",""supplyBalance"":""368863.14706331814538051637646626331888"",""usdBalance"":""368863.14706331814538051637646626331888""},{""marketId"":""0xc0a3063a0a7755b7d58642e9a6d3be1c05bc974665ef7d3b158784348d4e17c5"",""supplyAPY"":""10.43154864036526330282"",""supplyBalance"":""72704.42448129517525507420459714921609"",""usdBalance"":""72704.42448129517525507420459714921609""}]",Morpho,2026-02-12T07:19:00.000000+0000,0x9c59a9389D8f72DE2CdAf1126F36EA4790E2275e
"","",0x9c59a9389d8f72de2cdaf1126f36ea4790e2275e,0x4da918f10655a64af6d90f426cb84aff30eda9e6e74e1108ac5d79341e5601c8,27070396,999,MetaMorpho,35,INFO,0x1589d805c20675eaec8d3d0fe7b08321d49ed1f36577dbadbaddf3a041d16b9b,5,"[{""marketId"":""0xe0a1de770a9a72a083087fe1745c998426aaea984ddf155ea3d5fbba5b759713"",""supplyAPY"":""3.2108749656486e-7"",""supplyBalance"":""1.068332341627909425248428e-7"",""usdBalance"":""1.068332341627909425248428e-7""},{""marketId"":""0xa666cc1147beda1aa50fae4b40cb4c37a51230e84e80dcd31233487060913a8d"",""supplyAPY"":""0"",""supplyBalance"":""0"",""usdBalance"":""0""},{""marketId"":""0x96c7abf76aed53d50b2cc84e2ed17846e0d1c4cc28236d95b6eb3b12dcc86909"",""supplyAPY"":""33.79852964560678966574"",""supplyBalance"":""0.03285971001238366328264460687116"",""usdBalance"":""0.03285971001238366328264460687116""},{""marketId"":""0x87272614b7a2022c31ddd7bba8eb21d5ab40a6bcbea671264d59dc732053721d"",""supplyAPY"":""17.97809687565951970876"",""supplyBalance"":""71858.35960738809800606948878372403804"",""usdBalance"":""71858.35960738809800606948878372403804""},{""marketId"":""0x1f79fe1822f6bfe7a70f8e7e5e768efd0c3f10db52af97c2f14e4b71e3130e70"",""supplyAPY"":""0.05121467988534935181"",""supplyBalance"":""368863.14743524539322337847554296051356"",""usdBalance"":""368863.14743524539322337847554296051356""},{""marketId"":""0xc0a3063a0a7755b7d58642e9a6d3be1c05bc974665ef7d3b158784348d4e17c5"",""supplyAPY"":""10.43154864036526330282"",""supplyBalance"":""72704.42448129517525507420459714921609"",""usdBalance"":""72704.42448129517525507420459714921609""}]",Morpho,2026-02-12T07:19:00.000000+0000,0x9c59a9389D8f72DE2CdAf1126F36EA4790E2275e
"","",0x835febf893c6dddee5cf762b0f8e31c5b06938ab,0x3d4715f86cc99a9ebb19662bee8abacfc31c7984922dd80af75df27572d4b0b7,27070465,999,MetaMorpho,16,INFO,0x2f3593fbce5dbf8fc415b00c0f9d7933a3c2bdbde4a71422bff553daa8829606,0,"[{""marketId"":""0x41afe1000213f119a3d8a6cd2f9fc0b564a58f948514e4cc246f6293bbed3409"",""supplyAPY"":""12521.87871430762639878674"",""supplyBalance"":""2.5971313617670137000694779592580523280499"",""usdBalance"":""2.593863599145011208091776540700154661449701054822""},{""marketId"":""0x33c935bb0699b737d9cbd4274b5936a9004eee03ccfa70e266ff7c1513fd4808"",""supplyAPY"":""0"",""supplyBalance"":""0"",""usdBalance"":""0""},{""marketId"":""0x292f0a3ddfb642fbaadf258ebcccf9e4b0048a9dc5af93036288502bde1a71b1"",""supplyAPY"":""12.45051680162622693341"",""supplyBalance"":""841599.255505187571998469346874786061538292753"",""usdBalance"":""840540.33848992583489162943277316126821994404229232034""},{""marketId"":""0x5fe3ac84f3a2c4e3102c3e6e9accb1ec90c30f6ee87ab1fcafc197b8addeb94c"",""supplyAPY"":""9.78956789316266555489"",""supplyBalance"":""363786.0501253067658699287590418328757410798877"",""usdBalance"":""363328.327241318102390975897278631260780164946163698106""}]",Morpho,2026-02-12T07:20:08.000000+0000,0x835FEBF893c6DdDee5CF762B0f8e31C5B06938ab
"","",0x835febf893c6dddee5cf762b0f8e31c5b06938ab,0x3d4715f86cc99a9ebb19662bee8abacfc31c7984922dd80af75df27572d4b0b7,27070465,999,MetaMorpho,18,INFO,0x2f3593fbce5dbf8fc415b00c0f9d7933a3c2bdbde4a71422bff553daa8829606,0,"[{""marketId"":""0x41afe1000213f119a3d8a6cd2f9fc0b564a58f948514e4cc246f6293bbed3409"",""supplyAPY"":""12521.87871430762639878674"",""supplyBalance"":""2.5971313617670137000694779592580523280499"",""usdBalance"":""2.593863599145011208091776540700154661449701054822""},{""marketId"":""0x33c935bb0699b737d9cbd4274b5936a9004eee03ccfa70e266ff7c1513fd4808"",""supplyAPY"":""0"",""supplyBalance"":""0"",""usdBalance"":""0""},{""marketId"":""0x292f0a3ddfb642fbaadf258ebcccf9e4b0048a9dc5af93036288502bde1a71b1"",""supplyAPY"":""12.45051680162622693341"",""supplyBalance"":""841599.255505187571998469346874786061538292753"",""usdBalance"":""840540.33848992583489162943277316126821994404229232034""},{""marketId"":""0x5fe3ac84f3a2c4e3102c3e6e9accb1ec90c30f6ee87ab1fcafc197b8addeb94c"",""supplyAPY"":""9.78956789316266555489"",""supplyBalance"":""363786.0501253067658699287590418328757410798877"",""usdBalance"":""363328.327241318102390975897278631260780164946163698106""}]",Morpho,2026-02-12T07:20:08.000000+0000,0x835FEBF893c6DdDee5CF762B0f8e31C5B06938ab
"","",0x66c71204b70ae27be6dc3eb41f9af5868e68fdb6,0x4faed4174ef4170e9abc6ec390ae759d5f42cd3ae97241a187f26dc331075f7f,27070518,999,MetaMorpho,35,INFO,0xd8f0db58e368824c1eab71cc5cb7b1cfa98fe7f9a680ff6fc092a351d7e7169b,4,"[{""marketId"":""0xa666cc1147beda1aa50fae4b40cb4c37a51230e84e80dcd31233487060913a8d"",""supplyAPY"":""0"",""supplyBalance"":""0"",""usdBalance"":""0""},{""marketId"":""0x920244a8682a53b17fe15597b63abdaa3aecec44e070379c5e43897fb9f42a2b"",""supplyAPY"":""236.90832126289048052389"",""supplyBalance"":""0.0094119668304928360566203995724"",""usdBalance"":""0.0094119668304928360566203995724""},{""marketId"":""0xb5b215bd2771f5ed73125bf6a02e7b743fadc423dfbb095ad59df047c50d3e81"",""supplyAPY"":""198.90632013464110651035"",""supplyBalance"":""6.3424790955738695181446088e-7"",""usdBalance"":""6.3424790955738695181446088e-7""},{""marketId"":""0xe500760b79e397869927a5275d64987325faae43326daf6be5a560184e30a521"",""supplyAPY"":""7.64261153649022141901"",""supplyBalance"":""156838.3001177300288341606686400159998"",""usdBalance"":""156838.3001177300288341606686400159998""}]",Morpho,2026-02-12T07:21:00.000000+0000,0x66c71204B70aE27BE6dC3eb41F9aF5868E68fDb6
"","",0x66c71204b70ae27be6dc3eb41f9af5868e68fdb6,0x4faed4174ef4170e9abc6ec390ae759d5f42cd3ae97241a187f26dc331075f7f,27070518,999,MetaMorpho,46,INFO,0xd8f0db58e368824c1eab71cc5cb7b1cfa98fe7f9a680ff6fc092a351d7e7169b,4,"[{""marketId"":""0xa666cc1147beda1aa50fae4b40cb4c37a51230e84e80dcd31233487060913a8d"",""supplyAPY"":""0"",""supplyBalance"":""0"",""usdBalance"":""0""},{""marketId"":""0x920244a8682a53b17fe15597b63abdaa3aecec44e070379c5e43897fb9f42a2b"",""supplyAPY"":""236.90832126289048052389"",""supplyBalance"":""0.0094119668304928360566203995724"",""usdBalance"":""0.0094119668304928360566203995724""},{""marketId"":""0xb5b215bd2771f5ed73125bf6a02e7b743fadc423dfbb095ad59df047c50d3e81"",""supplyAPY"":""198.90632013464110651035"",""supplyBalance"":""6.3424790955738695181446088e-7"",""usdBalance"":""6.3424790955738695181446088e-7""},{""marketId"":""0xe500760b79e397869927a5275d64987325faae43326daf6be5a560184e30a521"",""supplyAPY"":""7.60356944913923936575"",""supplyBalance"":""156838.32241916087136211092039732399974"",""usdBalance"":""156838.32241916087136211092039732399974""}]",Morpho,2026-02-12T07:21:00.000000+0000,0x66c71204B70aE27BE6dC3eb41F9aF5868E68fDb6
"","",0xe5add96840f0b908ddeb3bd144c0283ac5ca7ca0,0xa93d008cec708dc46310c7b6c666dbda6119d24a138493d47cb4d7aa23b80edb,26800594,999,MetaMorpho,23,INFO,0x3630e0a5d7772f6d1df23f84449659920b61ff2df7de36fb34dac8d18da8af50,10,"[{""marketId"":""0x1c6b87ae1b97071ef444eedcba9f5a92cfe974edbbcaa1946644fc7ab0e283af"",""supplyAPY"":""0"",""supplyBalance"":""52873.759278"",""usdBalance"":""52873.759278""},{""marketId"":""0xa24d04c3aff60d49b3475f0084334546cbf66182e788b6bf173e6f9990b2c816"",""supplyAPY"":""61.91403411319710495776"",""supplyBalance"":""0"",""usdBalance"":""0""},{""marketId"":""0xb5b575e402c7c19def8661069c39464c8bf3297b638e64d841b09a4eb2807de5"",""supplyAPY"":""0.23053965280099404391"",""supplyBalance"":""4999.79879892235635191622345097885984"",""usdBalance"":""4999.79879892235635191622345097885984""},{""marketId"":""0xebeabb17bd69d4b8ed6929a821d69478b564f4cc604d0995944c9da8b5cb3f04"",""supplyAPY"":""24.41134815578520906737"",""supplyBalance"":""0"",""usdBalance"":""0""},{""marketId"":""0x31aaa663d718e83ea15326ec110c4bcf5e123585d0b6c4d0ad61a50c4aa65b1e"",""supplyAPY"":""11.13811599275647153455"",""supplyBalance"":""94258.8019576970069257977930436890117"",""usdBalance"":""94258.8019576970069257977930436890117""},{""marketId"":""0xfbe436e9aa361487f0c3e4ff94c88aea72887a4482c6b8bcfec60a8584cdb05e"",""supplyAPY"":""6.93382467605672127326"",""supplyBalance"":""0"",""usdBalance"":""0""},{""marketId"":""0x78f6b57d825ef01a5dc496ad1f426a6375c685047d07a30cd07ac5107ffc7976"",""supplyAPY"":""7.4378238589928400603"",""supplyBalance"":""74993.24066517111554986024450829004768"",""usdBalance"":""74993.24066517111554986024450829004768""},{""marketId"":""0xace279b5c6eff0a1ce7287249369fa6f4d3d32225e1629b04ef308e0eb568fb0"",""supplyAPY"":""9.51686485408755685135"",""supplyBalance"":""64870.43523762530434248047199794353483"",""usdBalance"":""64870.43523762530434248047199794353483""},{""marketId"":""0x707dddc200e95dc984feb185abf1321cabec8486dca5a9a96fb5202184106e54"",""supplyAPY"":""7.54067501663875603953"",""supplyBalance"":""24129.20444492796544420179764168146798"",""usdBalance"":""24129.20444492796544420179764168146798""},{""marketId"":""0x09ed416b38a29e077383da5ae4200523e54e33ecff6e148c2590969a9852513f"",""supplyAPY"":""2.51251698084912296486"",""supplyBalance"":""64.6796647515685918496673107810768"",""usdBalance"":""64.6796647515685918496673107810768""},{""marketId"":""0xd5a9fba2309a0b85972a96f2cc45f9784e786d712944d8fc0b31a6d9cb4f21d3"",""supplyAPY"":""6.42394482494649781741"",""supplyBalance"":""0"",""usdBalance"":""0""},{""marketId"":""0xd2e8f6fd195556222d7a0314d4fb93fdf84ae920faaebba6dbcf584ac865e1f5"",""supplyAPY"":""6.27030281238483096974"",""supplyBalance"":""0"",""usdBalance"":""0""},{""marketId"":""0xf9f0473b23ebeb82c83078f0f0f77f27ac534c9fb227cb4366e6057b6163ffbf"",""supplyAPY"":""6.28040488543711222908"",""supplyBalance"":""0"",""usdBalance"":""0""},{""marketId"":""0x6eb4ce92dc1d89abd40f9634249ec28e8ab4e3f9bef0ab47ea784773c140d4ef"",""supplyAPY"":""5.98187724191037547174"",""supplyBalance"":""0"",""usdBalance"":""0""}]",Morpho,2026-02-09T05:36:01.000000+0000,0xe5ADd96840F0B908ddeB3Bd144C0283Ac5ca7cA0
"","",0x53a333e51e96fe288bc9add7cdc4b1ead2cd2ffa,0xa93d008cec708dc46310c7b6c666dbda6119d24a138493d47cb4d7aa23b80edb,26800594,999,MetaMorpho,35,INFO,0x3630e0a5d7772f6d1df23f84449659920b61ff2df7de36fb34dac8d18da8af50,10,"[{""marketId"":""0x1c6b87ae1b97071ef444eedcba9f5a92cfe974edbbcaa1946644fc7ab0e283af"",""supplyAPY"":""0"",""supplyBalance"":""0"",""usdBalance"":""0""},{""marketId"":""0xb5b575e402c7c19def8661069c39464c8bf3297b638e64d841b09a4eb2807de5"",""supplyAPY"":""0.23053965280099404391"",""supplyBalance"":""2057.05067311235025010798019509713496"",""usdBalance"":""2057.05067311235025010798019509713496""},{""marketId"":""0xa62327642e110efd38ba2d153867a8625c8dc40832e1d211ba4f4151c3de9050"",""supplyAPY"":""20.70639100310089774112"",""supplyBalance"":""27059.3604219741738761023488217533067"",""usdBalance"":""27059.3604219741738761023488217533067""},{""marketId"":""0xd173e9d80aeacac486b46a9a849ecb386cec260cc7dd5be0db3505a0f9f93fb5"",""supplyAPY"":""0.05214900726359337745"",""supplyBalance"":""7.2217027566343423004910141e-7"",""usdBalance"":""7.2217027566343423004910141e-7""},{""marketId"":""0xc5526286d537c890fdd879d17d80c4a22dc7196c1e1fff0dd6c853692a759c62"",""supplyAPY"":""8.34366202291359152751"",""supplyBalance"":""2722.06668746819986115704934297474492"",""usdBalance"":""2722.06668746819986115704934297474492""},{""marketId"":""0x78f6b57d825ef01a5dc496ad1f426a6375c685047d07a30cd07ac5107ffc7976"",""supplyAPY"":""7.4378238589928400603"",""supplyBalance"":""330799.78564659458336652373982418831072"",""usdBalance"":""330799.78564659458336652373982418831072""},{""marketId"":""0x707dddc200e95dc984feb185abf1321cabec8486dca5a9a96fb5202184106e54"",""supplyAPY"":""7.54067501663875603953"",""supplyBalance"":""50477.86074309489867917920708117391876"",""usdBalance"":""50477.86074309489867917920708117391876""}]",Morpho,2026-02-09T05:36:01.000000+0000,0x53A333e51E96FE288bC9aDd7cdC4B1EAD2CD2FfA
"","",0xe5add96840f0b908ddeb3bd144c0283ac5ca7ca0,0x93a2a0c48e165d2970f73efb8855d98e6f83476799a7ddc995cca31cf1a29cfa,26800595,999,MetaMorpho,11,INFO,0x3dba632b9f0bc347f80fb95a355c96254511ebb5aef6c8cf11badf390dcca363,2,"[{""marketId"":""0x1c6b87ae1b97071ef444eedcba9f5a92cfe974edbbcaa1946644fc7ab0e283af"",""supplyAPY"":""0"",""supplyBalance"":""52337.853718"",""usdBalance"":""52337.853718""},{""marketId"":""0xa24d04c3aff60d49b3475f0084334546cbf66182e788b6bf173e6f9990b2c816"",""supplyAPY"":""61.91403411319710495776"",""supplyBalance"":""0"",""usdBalance"":""0""},{""marketId"":""0xb5b575e402c7c19def8661069c39464c8bf3297b638e64d841b09a4eb2807de5"",""supplyAPY"":""2.97050593064871737604"",""supplyBalance"":""5000.00209986746599161184447640137104"",""usdBalance"":""5000.00209986746599161184447640137104""},{""marketId"":""0xebeabb17bd69d4b8ed6929a821d69478b564f4cc604d0995944c9da8b5cb3f04"",""supplyAPY"":""24.41134815578520906737"",""supplyBalance"":""0"",""usdBalance"":""0""},{""marketId"":""0x31aaa663d718e83ea15326ec110c4bcf5e123585d0b6c4d0ad61a50c4aa65b1e"",""supplyAPY"":""11.13811599275647153455"",""supplyBalance"":""94258.8019576970069257977930436890117"",""usdBalance"":""94258.8019576970069257977930436890117""},{""marketId"":""0xfbe436e9aa361487f0c3e4ff94c88aea72887a4482c6b8bcfec60a8584cdb05e"",""supplyAPY"":""6.93382467605672127326"",""supplyBalance"":""0"",""usdBalance"":""0""},{""marketId"":""0x78f6b57d825ef01a5dc496ad1f426a6375c685047d07a30cd07ac5107ffc7976"",""supplyAPY"":""7.4378238589928400603"",""supplyBalance"":""74993.24066517111554986024450829004768"",""usdBalance"":""74993.24066517111554986024450829004768""},{""marketId"":""0xace279b5c6eff0a1ce7287249369fa6f4d3d32225e1629b04ef308e0eb568fb0"",""supplyAPY"":""9.51686485408755685135"",""supplyBalance"":""64870.43523762530434248047199794353483"",""usdBalance"":""64870.43523762530434248047199794353483""},{""marketId"":""0x707dddc200e95dc984feb185abf1321cabec8486dca5a9a96fb5202184106e54"",""supplyAPY"":""7.54067501663875603953"",""supplyBalance"":""24129.20444492796544420179764168146798"",""usdBalance"":""24129.20444492796544420179764168146798""},{""marketId"":""0x09ed416b38a29e077383da5ae4200523e54e33ecff6e148c2590969a9852513f"",""supplyAPY"":""2.51251698084912296486"",""supplyBalance"":""64.6796647515685918496673107810768"",""usdBalance"":""64.6796647515685918496673107810768""},{""marketId"":""0xd5a9fba2309a0b85972a96f2cc45f9784e786d712944d8fc0b31a6d9cb4f21d3"",""supplyAPY"":""6.42394482494649781741"",""supplyBalance"":""0"",""usdBalance"":""0""},{""marketId"":""0xd2e8f6fd195556222d7a0314d4fb93fdf84ae920faaebba6dbcf584ac865e1f5"",""supplyAPY"":""6.27030281238483096974"",""supplyBalance"":""0"",""usdBalance"":""0""},{""marketId"":""0xf9f0473b23ebeb82c83078f0f0f77f27ac534c9fb227cb4366e6057b6163ffbf"",""supplyAPY"":""6.28040488543711222908"",""supplyBalance"":""0"",""usdBalance"":""0""},{""marketId"":""0x6eb4ce92dc1d89abd40f9634249ec28e8ab4e3f9bef0ab47ea784773c140d4ef"",""supplyAPY"":""5.98187724191037547174"",""supplyBalance"":""0"",""usdBalance"":""0""}]",Morpho,2026-02-09T05:36:02.000000+0000,0xe5ADd96840F0B908ddeB3Bd144C0283Ac5ca7cA0
"","",0x53a333e51e96fe288bc9add7cdc4b1ead2cd2ffa,0x93a2a0c48e165d2970f73efb8855d98e6f83476799a7ddc995cca31cf1a29cfa,26800595,999,MetaMorpho,23,INFO,0x3dba632b9f0bc347f80fb95a355c96254511ebb5aef6c8cf11badf390dcca363,2,"[{""marketId"":""0x1c6b87ae1b97071ef444eedcba9f5a92cfe974edbbcaa1946644fc7ab0e283af"",""supplyAPY"":""0"",""supplyBalance"":""0"",""usdBalance"":""0""},{""marketId"":""0xb5b575e402c7c19def8661069c39464c8bf3297b638e64d841b09a4eb2807de5"",""supplyAPY"":""2.97050593064871737604"",""supplyBalance"":""2593.03934111676269411438048520955752"",""usdBalance"":""2593.03934111676269411438048520955752""},{""marketId"":""0xa62327642e110efd38ba2d153867a8625c8dc40832e1d211ba4f4151c3de9050"",""supplyAPY"":""20.70639100310089774112"",""supplyBalance"":""27059.3604219741738761023488217533067"",""usdBalance"":""27059.3604219741738761023488217533067""},{""marketId"":""0xd173e9d80aeacac486b46a9a849ecb386cec260cc7dd5be0db3505a0f9f93fb5"",""supplyAPY"":""0.05214900726359337745"",""supplyBalance"":""7.2217027566343423004910141e-7"",""usdBalance"":""7.2217027566343423004910141e-7""},{""marketId"":""0xc5526286d537c890fdd879d17d80c4a22dc7196c1e1fff0dd6c853692a759c62"",""supplyAPY"":""8.34366202291359152751"",""supplyBalance"":""2722.06668746819986115704934297474492"",""usdBalance"":""2722.06668746819986115704934297474492""},{""marketId"":""0x78f6b57d825ef01a5dc496ad1f426a6375c685047d07a30cd07ac5107ffc7976"",""supplyAPY"":""7.4378238589928400603"",""supplyBalance"":""330799.78564659458336652373982418831072"",""usdBalance"":""330799.78564659458336652373982418831072""},{""marketId"":""0x707dddc200e95dc984feb185abf1321cabec8486dca5a9a96fb5202184106e54"",""supplyAPY"":""7.54067501663875603953"",""supplyBalance"":""50477.86074309489867917920708117391876"",""usdBalance"":""50477.86074309489867917920708117391876""}]",Morpho,2026-02-09T05:36:02.000000+0000,0x53A333e51E96FE288bC9aDd7cdC4B1EAD2CD2FfA
"","",0xe5add96840f0b908ddeb3bd144c0283ac5ca7ca0,0x93a2a0c48e165d2970f73efb8855d98e6f83476799a7ddc995cca31cf1a29cfa,26800595,999,MetaMorpho,40,INFO,0xe69a588d90dd5b4b6a61729780f902a6d8db9b2fd3961d3a9f4a23e39a2b01eb,3,"[{""marketId"":""0x1c6b87ae1b97071ef444eedcba9f5a92cfe974edbbcaa1946644fc7ab0e283af"",""supplyAPY"":""0"",""supplyBalance"":""52337.853718"",""usdBalance"":""52337.853718""},{""marketId"":""0xa24d04c3aff60d49b3475f0084334546cbf66182e788b6bf173e6f9990b2c816"",""supplyAPY"":""61.91403411319710495776"",""supplyBalance"":""0"",""usdBalance"":""0""},{""marketId"":""0xb5b575e402c7c19def8661069c39464c8bf3297b638e64d841b09a4eb2807de5"",""supplyAPY"":""2.68205457734602497935"",""supplyBalance"":""5000.00210391922714044942872130259788"",""usdBalance"":""5000.00210391922714044942872130259788""},{""marketId"":""0xebeabb17bd69d4b8ed6929a821d69478b564f4cc604d0995944c9da8b5cb3f04"",""supplyAPY"":""24.41134815578520906737"",""supplyBalance"":""0"",""usdBalance"":""0""},{""marketId"":""0x31aaa663d718e83ea15326ec110c4bcf5e123585d0b6c4d0ad61a50c4aa65b1e"",""supplyAPY"":""11.13811599275647153455"",""supplyBalance"":""94258.8019576970069257977930436890117"",""usdBalance"":""94258.8019576970069257977930436890117""},{""marketId"":""0xfbe436e9aa361487f0c3e4ff94c88aea72887a4482c6b8bcfec60a8584cdb05e"",""supplyAPY"":""6.93382467605672127326"",""supplyBalance"":""0"",""usdBalance"":""0""},{""marketId"":""0x78f6b57d825ef01a5dc496ad1f426a6375c685047d07a30cd07ac5107ffc7976"",""supplyAPY"":""7.4378238589928400603"",""supplyBalance"":""74993.24066517111554986024450829004768"",""usdBalance"":""74993.24066517111554986024450829004768""},{""marketId"":""0xace279b5c6eff0a1ce7287249369fa6f4d3d32225e1629b04ef308e0eb568fb0"",""supplyAPY"":""9.51686485408755685135"",""supplyBalance"":""64870.43523762530434248047199794353483"",""usdBalance"":""64870.43523762530434248047199794353483""},{""marketId"":""0x707dddc200e95dc984feb185abf1321cabec8486dca5a9a96fb5202184106e54"",""supplyAPY"":""7.54067501663875603953"",""supplyBalance"":""24129.20444492796544420179764168146798"",""usdBalance"":""24129.20444492796544420179764168146798""},{""marketId"":""0x09ed416b38a29e077383da5ae4200523e54e33ecff6e148c2590969a9852513f"",""supplyAPY"":""2.51251698084912296486"",""supplyBalance"":""64.6796647515685918496673107810768"",""usdBalance"":""64.6796647515685918496673107810768""},{""marketId"":""0xd5a9fba2309a0b85972a96f2cc45f9784e786d712944d8fc0b31a6d9cb4f21d3"",""supplyAPY"":""6.42394482494649781741"",""supplyBalance"":""0"",""usdBalance"":""0""},{""marketId"":""0xd2e8f6fd195556222d7a0314d4fb93fdf84ae920faaebba6dbcf584ac865e1f5"",""supplyAPY"":""6.27030281238483096974"",""supplyBalance"":""0"",""usdBalance"":""0""},{""marketId"":""0xf9f0473b23ebeb82c83078f0f0f77f27ac534c9fb227cb4366e6057b6163ffbf"",""supplyAPY"":""6.28040488543711222908"",""supplyBalance"":""0"",""usdBalance"":""0""},{""marketId"":""0x6eb4ce92dc1d89abd40f9634249ec28e8ab4e3f9bef0ab47ea784773c140d4ef"",""supplyAPY"":""5.98187724191037547174"",""supplyBalance"":""0"",""usdBalance"":""0""}]",Morpho,2026-02-09T05:36:02.000000+0000,0xe5ADd96840F0B908ddeB3Bd144C0283Ac5ca7cA0
"","",0x53a333e51e96fe288bc9add7cdc4b1ead2cd2ffa,0x93a2a0c48e165d2970f73efb8855d98e6f83476799a7ddc995cca31cf1a29cfa,26800595,999,MetaMorpho,51,INFO,0xe69a588d90dd5b4b6a61729780f902a6d8db9b2fd3961d3a9f4a23e39a2b01eb,3,"[{""marketId"":""0x1c6b87ae1b97071ef444eedcba9f5a92cfe974edbbcaa1946644fc7ab0e283af"",""supplyAPY"":""0"",""supplyBalance"":""0"",""usdBalance"":""0""},{""marketId"":""0xb5b575e402c7c19def8661069c39464c8bf3297b638e64d841b09a4eb2807de5"",""supplyAPY"":""2.68205457734602497935"",""supplyBalance"":""2593.03934321803702358372155282323294"",""usdBalance"":""2593.03934321803702358372155282323294""},{""marketId"":""0xa62327642e110efd38ba2d153867a8625c8dc40832e1d211ba4f4151c3de9050"",""supplyAPY"":""20.70639100310089774112"",""supplyBalance"":""27059.3604219741738761023488217533067"",""usdBalance"":""27059.3604219741738761023488217533067""},{""marketId"":""0xd173e9d80aeacac486b46a9a849ecb386cec260cc7dd5be0db3505a0f9f93fb5"",""supplyAPY"":""0.05214900726359337745"",""supplyBalance"":""7.2217027566343423004910141e-7"",""usdBalance"":""7.2217027566343423004910141e-7""},{""marketId"":""0xc5526286d537c890fdd879d17d80c4a22dc7196c1e1fff0dd6c853692a759c62"",""supplyAPY"":""8.34366202291359152751"",""supplyBalance"":""2722.06668746819986115704934297474492"",""usdBalance"":""2722.06668746819986115704934297474492""},{""marketId"":""0x78f6b57d825ef01a5dc496ad1f426a6375c685047d07a30cd07ac5107ffc7976"",""supplyAPY"":""7.4378238589928400603"",""supplyBalance"":""330799.78564659458336652373982418831072"",""usdBalance"":""330799.78564659458336652373982418831072""},{""marketId"":""0x707dddc200e95dc984feb185abf1321cabec8486dca5a9a96fb5202184106e54"",""supplyAPY"":""7.54067501663875603953"",""supplyBalance"":""50477.86074309489867917920708117391876"",""usdBalance"":""50477.86074309489867917920708117391876""}]",Morpho,2026-02-09T05:36:02.000000+0000,0x53A333e51E96FE288bC9aDd7cdC4B1EAD2CD2FfA
"","",0xe5add96840f0b908ddeb3bd144c0283ac5ca7ca0,0x9cf2c5031725b123753ab278a1074a6a32c289eadf2fbf9cb81c66a70f50a466,26800596,999,MetaMorpho,24,INFO,0x29c64bfe8cacfd47b8f5949702f4ebbe3dd8b31a7436a3b6e271bbef63c2aecb,3,"[{""marketId"":""0x1c6b87ae1b97071ef444eedcba9f5a92cfe974edbbcaa1946644fc7ab0e283af"",""supplyAPY"":""0"",""supplyBalance"":""51985.710138"",""usdBalance"":""51985.710138""},{""marketId"":""0xa24d04c3aff60d49b3475f0084334546cbf66182e788b6bf173e6f9990b2c816"",""supplyAPY"":""61.91403411319710495776"",""supplyBalance"":""0"",""usdBalance"":""0""},{""marketId"":""0xb5b575e402c7c19def8661069c39464c8bf3297b638e64d841b09a4eb2807de5"",""supplyAPY"":""2.68205457734602497935"",""supplyBalance"":""5000.00210391922714044942872130259788"",""usdBalance"":""5000.00210391922714044942872130259788""},{""marketId"":""0xebeabb17bd69d4b8ed6929a821d69478b564f4cc604d0995944c9da8b5cb3f04"",""supplyAPY"":""24.41134815578520906737"",""supplyBalance"":""0"",""usdBalance"":""0""},{""marketId"":""0x31aaa663d718e83ea15326ec110c4bcf5e123585d0b6c4d0ad61a50c4aa65b1e"",""supplyAPY"":""11.13811599275647153455"",""supplyBalance"":""94258.8019576970069257977930436890117"",""usdBalance"":""94258.8019576970069257977930436890117""},{""marketId"":""0xfbe436e9aa361487f0c3e4ff94c88aea72887a4482c6b8bcfec60a8584cdb05e"",""supplyAPY"":""6.93382467605672127326"",""supplyBalance"":""0"",""usdBalance"":""0""},{""marketId"":""0x78f6b57d825ef01a5dc496ad1f426a6375c685047d07a30cd07ac5107ffc7976"",""supplyAPY"":""7.4378238589928400603"",""supplyBalance"":""74993.24066517111554986024450829004768"",""usdBalance"":""74993.24066517111554986024450829004768""},{""marketId"":""0xace279b5c6eff0a1ce7287249369fa6f4d3d32225e1629b04ef308e0eb568fb0"",""supplyAPY"":""9.51686485408755685135"",""supplyBalance"":""64870.43523762530434248047199794353483"",""usdBalance"":""64870.43523762530434248047199794353483""},{""marketId"":""0x707dddc200e95dc984feb185abf1321cabec8486dca5a9a96fb5202184106e54"",""supplyAPY"":""7.54067501663875603953"",""supplyBalance"":""24129.20444492796544420179764168146798"",""usdBalance"":""24129.20444492796544420179764168146798""},{""marketId"":""0x09ed416b38a29e077383da5ae4200523e54e33ecff6e148c2590969a9852513f"",""supplyAPY"":""2.51251698084912296486"",""supplyBalance"":""64.6796647515685918496673107810768"",""usdBalance"":""64.6796647515685918496673107810768""},{""marketId"":""0xd5a9fba2309a0b85972a96f2cc45f9784e786d712944d8fc0b31a6d9cb4f21d3"",""supplyAPY"":""6.42394482494649781741"",""supplyBalance"":""0"",""usdBalance"":""0""},{""marketId"":""0xd2e8f6fd195556222d7a0314d4fb93fdf84ae920faaebba6dbcf584ac865e1f5"",""supplyAPY"":""6.27030281238483096974"",""supplyBalance"":""0"",""usdBalance"":""0""},{""marketId"":""0xf9f0473b23ebeb82c83078f0f0f77f27ac534c9fb227cb4366e6057b6163ffbf"",""supplyAPY"":""6.28040488543711222908"",""supplyBalance"":""0"",""usdBalance"":""0""},{""marketId"":""0x6eb4ce92dc1d89abd40f9634249ec28e8ab4e3f9bef0ab47ea784773c140d4ef"",""supplyAPY"":""5.98187724191037547174"",""supplyBalance"":""0"",""usdBalance"":""0""}]",Morpho,2026-02-09T05:36:03.000000+0000,0xe5ADd96840F0B908ddeB3Bd144C0283Ac5ca7cA0
"","",0x53a333e51e96fe288bc9add7cdc4b1ead2cd2ffa,0x9cf2c5031725b123753ab278a1074a6a32c289eadf2fbf9cb81c66a70f50a466,26800596,999,MetaMorpho,36,INFO,0x29c64bfe8cacfd47b8f5949702f4ebbe3dd8b31a7436a3b6e271bbef63c2aecb,3,"[{""marketId"":""0x1c6b87ae1b97071ef444eedcba9f5a92cfe974edbbcaa1946644fc7ab0e283af"",""supplyAPY"":""0"",""supplyBalance"":""0"",""usdBalance"":""0""},{""marketId"":""0xb5b575e402c7c19def8661069c39464c8bf3297b638e64d841b09a4eb2807de5"",""supplyAPY"":""2.68205457734602497935"",""supplyBalance"":""2945.18257095418914319634909330078673"",""usdBalance"":""2945.18257095418914319634909330078673""},{""marketId"":""0xa62327642e110efd38ba2d153867a8625c8dc40832e1d211ba4f4151c3de9050"",""supplyAPY"":""20.70639100310089774112"",""supplyBalance"":""27059.3604219741738761023488217533067"",""usdBalance"":""27059.3604219741738761023488217533067""},{""marketId"":""0xd173e9d80aeacac486b46a9a849ecb386cec260cc7dd5be0db3505a0f9f93fb5"",""supplyAPY"":""0.05214900726359337745"",""supplyBalance"":""7.2217027566343423004910141e-7"",""usdBalance"":""7.2217027566343423004910141e-7""},{""marketId"":""0xc5526286d537c890fdd879d17d80c4a22dc7196c1e1fff0dd6c853692a759c62"",""supplyAPY"":""8.34366202291359152751"",""supplyBalance"":""2722.06668746819986115704934297474492"",""usdBalance"":""2722.06668746819986115704934297474492""},{""marketId"":""0x78f6b57d825ef01a5dc496ad1f426a6375c685047d07a30cd07ac5107ffc7976"",""supplyAPY"":""7.4378238589928400603"",""supplyBalance"":""330799.78564659458336652373982418831072"",""usdBalance"":""330799.78564659458336652373982418831072""},{""marketId"":""0x707dddc200e95dc984feb185abf1321cabec8486dca5a9a96fb5202184106e54"",""supplyAPY"":""7.54067501663875603953"",""supplyBalance"":""50477.86074309489867917920708117391876"",""usdBalance"":""50477.86074309489867917920708117391876""}]",Morpho,2026-02-09T05:36:03.000000+0000,0x53A333e51E96FE288bC9aDd7cdC4B1EAD2CD2FfA
"","",0xe5add96840f0b908ddeb3bd144c0283ac5ca7ca0,0xd61cd1dc0048590ef651d5ad00113044e110e13a0bb7c327a6d41080e1e44904,26800600,999,MetaMorpho,5,INFO,0x3bbecc54e10e2c0fc048b6399db5bc39394176f27204b013d95174c0672d70d6,0,"[{""marketId"":""0x1c6b87ae1b97071ef444eedcba9f5a92cfe974edbbcaa1946644fc7ab0e283af"",""supplyAPY"":""0"",""supplyBalance"":""36928.690689"",""usdBalance"":""36928.690689""},{""marketId"":""0xa24d04c3aff60d49b3475f0084334546cbf66182e788b6bf173e6f9990b2c816"",""supplyAPY"":""61.91403411319710495776"",""supplyBalance"":""0"",""usdBalance"":""0""},{""marketId"":""0xb5b575e402c7c19def8661069c39464c8bf3297b638e64d841b09a4eb2807de5"",""supplyAPY"":""2.43894843376867375116"",""supplyBalance"":""5000.00210769821978541268653603156152"",""usdBalance"":""5000.00210769821978541268653603156152""},{""marketId"":""0xebeabb17bd69d4b8ed6929a821d69478b564f4cc604d0995944c9da8b5cb3f04"",""supplyAPY"":""24.41134815578520906737"",""supplyBalance"":""0"",""usdBalance"":""0""},{""marketId"":""0x31aaa663d718e83ea15326ec110c4bcf5e123585d0b6c4d0ad61a50c4aa65b1e"",""supplyAPY"":""11.13811599275647153455"",""supplyBalance"":""94258.8019576970069257977930436890117"",""usdBalance"":""94258.8019576970069257977930436890117""},{""marketId"":""0xfbe436e9aa361487f0c3e4ff94c88aea72887a4482c6b8bcfec60a8584cdb05e"",""supplyAPY"":""6.93382467605672127326"",""supplyBalance"":""0"",""usdBalance"":""0""},{""marketId"":""0x78f6b57d825ef01a5dc496ad1f426a6375c685047d07a30cd07ac5107ffc7976"",""supplyAPY"":""7.4378238589928400603"",""supplyBalance"":""74993.24066517111554986024450829004768"",""usdBalance"":""74993.24066517111554986024450829004768""},{""marketId"":""0xace279b5c6eff0a1ce7287249369fa6f4d3d32225e1629b04ef308e0eb568fb0"",""supplyAPY"":""9.51686485408755685135"",""supplyBalance"":""64870.43523762530434248047199794353483"",""usdBalance"":""64870.43523762530434248047199794353483""},{""marketId"":""0x707dddc200e95dc984feb185abf1321cabec8486dca5a9a96fb5202184106e54"",""supplyAPY"":""7.54067501663875603953"",""supplyBalance"":""24129.20444492796544420179764168146798"",""usdBalance"":""24129.20444492796544420179764168146798""},{""marketId"":""0x09ed416b38a29e077383da5ae4200523e54e33ecff6e148c2590969a9852513f"",""supplyAPY"":""2.51251698084912296486"",""supplyBalance"":""64.6796647515685918496673107810768"",""usdBalance"":""64.6796647515685918496673107810768""},{""marketId"":""0xd5a9fba2309a0b85972a96f2cc45f9784e786d712944d8fc0b31a6d9cb4f21d3"",""supplyAPY"":""6.42394482494649781741"",""supplyBalance"":""0"",""usdBalance"":""0""},{""marketId"":""0xd2e8f6fd195556222d7a0314d4fb93fdf84ae920faaebba6dbcf584ac865e1f5"",""supplyAPY"":""6.27030281238483096974"",""supplyBalance"":""0"",""usdBalance"":""0""},{""marketId"":""0xf9f0473b23ebeb82c83078f0f0f77f27ac534c9fb227cb4366e6057b6163ffbf"",""supplyAPY"":""6.28040488543711222908"",""supplyBalance"":""0"",""usdBalance"":""0""},{""marketId"":""0x6eb4ce92dc1d89abd40f9634249ec28e8ab4e3f9bef0ab47ea784773c140d4ef"",""supplyAPY"":""5.98187724191037547174"",""supplyBalance"":""0"",""usdBalance"":""0""}]",Morpho,2026-02-09T05:36:07.000000+0000,0xe5ADd96840F0B908ddeB3Bd144C0283Ac5ca7cA0
"","",0x53a333e51e96fe288bc9add7cdc4b1ead2cd2ffa,0xd61cd1dc0048590ef651d5ad00113044e110e13a0bb7c327a6d41080e1e44904,26800600,999,MetaMorpho,17,INFO,0x3bbecc54e10e2c0fc048b6399db5bc39394176f27204b013d95174c0672d70d6,0,"[{""marketId"":""0x1c6b87ae1b97071ef444eedcba9f5a92cfe974edbbcaa1946644fc7ab0e283af"",""supplyAPY"":""0"",""supplyBalance"":""0"",""usdBalance"":""0""},{""marketId"":""0xb5b575e402c7c19def8661069c39464c8bf3297b638e64d841b09a4eb2807de5"",""supplyAPY"":""2.43894843376867375116"",""supplyBalance"":""18002.18692167576783483328798312007694"",""usdBalance"":""18002.18692167576783483328798312007694""},{""marketId"":""0xa62327642e110efd38ba2d153867a8625c8dc40832e1d211ba4f4151c3de9050"",""supplyAPY"":""20.70639100310089774112"",""supplyBalance"":""27059.3604219741738761023488217533067"",""usdBalance"":""27059.3604219741738761023488217533067""},{""marketId"":""0xd173e9d80aeacac486b46a9a849ecb386cec260cc7dd5be0db3505a0f9f93fb5"",""supplyAPY"":""0.05214900726359337745"",""supplyBalance"":""7.2217027566343423004910141e-7"",""usdBalance"":""7.2217027566343423004910141e-7""},{""marketId"":""0xc5526286d537c890fdd879d17d80c4a22dc7196c1e1fff0dd6c853692a759c62"",""supplyAPY"":""8.34366202291359152751"",""supplyBalance"":""2722.06668746819986115704934297474492"",""usdBalance"":""2722.06668746819986115704934297474492""},{""marketId"":""0x78f6b57d825ef01a5dc496ad1f426a6375c685047d07a30cd07ac5107ffc7976"",""supplyAPY"":""7.4378238589928400603"",""supplyBalance"":""330799.78564659458336652373982418831072"",""usdBalance"":""330799.78564659458336652373982418831072""},{""marketId"":""0x707dddc200e95dc984feb185abf1321cabec8486dca5a9a96fb5202184106e54"",""supplyAPY"":""7.54067501663875603953"",""supplyBalance"":""50477.86074309489867917920708117391876"",""usdBalance"":""50477.86074309489867917920708117391876""}]",Morpho,2026-02-09T05:36:07.000000+0000,0x53A333e51E96FE288bC9aDd7cdC4B1EAD2CD2FfA
"","",0xe5add96840f0b908ddeb3bd144c0283ac5ca7ca0,0xd61cd1dc0048590ef651d5ad00113044e110e13a0bb7c327a6d41080e1e44904,26800600,999,MetaMorpho,34,INFO,0x86aac56b62d79a0f91e93ad59e323dfead68b3d13e9402259b57acd00607a4a5,1,"[{""marketId"":""0x1c6b87ae1b97071ef444eedcba9f5a92cfe974edbbcaa1946644fc7ab0e283af"",""supplyAPY"":""0"",""supplyBalance"":""36928.690689"",""usdBalance"":""36928.690689""},{""marketId"":""0xa24d04c3aff60d49b3475f0084334546cbf66182e788b6bf173e6f9990b2c816"",""supplyAPY"":""61.91403411319710495776"",""supplyBalance"":""0"",""usdBalance"":""0""},{""marketId"":""0xb5b575e402c7c19def8661069c39464c8bf3297b638e64d841b09a4eb2807de5"",""supplyAPY"":""0.83899983443219192036"",""supplyBalance"":""5000.00212215638973740714852664131176"",""usdBalance"":""5000.00212215638973740714852664131176""},{""marketId"":""0xebeabb17bd69d4b8ed6929a821d69478b564f4cc604d0995944c9da8b5cb3f04"",""supplyAPY"":""24.41134815578520906737"",""supplyBalance"":""0"",""usdBalance"":""0""},{""marketId"":""0x31aaa663d718e83ea15326ec110c4bcf5e123585d0b6c4d0ad61a50c4aa65b1e"",""supplyAPY"":""11.13811599275647153455"",""supplyBalance"":""94258.8019576970069257977930436890117"",""usdBalance"":""94258.8019576970069257977930436890117""},{""marketId"":""0xfbe436e9aa361487f0c3e4ff94c88aea72887a4482c6b8bcfec60a8584cdb05e"",""supplyAPY"":""6.93382467605672127326"",""supplyBalance"":""0"",""usdBalance"":""0""},{""marketId"":""0x78f6b57d825ef01a5dc496ad1f426a6375c685047d07a30cd07ac5107ffc7976"",""supplyAPY"":""7.4378238589928400603"",""supplyBalance"":""74993.24066517111554986024450829004768"",""usdBalance"":""74993.24066517111554986024450829004768""},{""marketId"":""0xace279b5c6eff0a1ce7287249369fa6f4d3d32225e1629b04ef308e0eb568fb0"",""supplyAPY"":""9.51686485408755685135"",""supplyBalance"":""64870.43523762530434248047199794353483"",""usdBalance"":""64870.43523762530434248047199794353483""},{""marketId"":""0x707dddc200e95dc984feb185abf1321cabec8486dca5a9a96fb5202184106e54"",""supplyAPY"":""7.54067501663875603953"",""supplyBalance"":""24129.20444492796544420179764168146798"",""usdBalance"":""24129.20444492796544420179764168146798""},{""marketId"":""0x09ed416b38a29e077383da5ae4200523e54e33ecff6e148c2590969a9852513f"",""supplyAPY"":""2.51251698084912296486"",""supplyBalance"":""64.6796647515685918496673107810768"",""usdBalance"":""64.6796647515685918496673107810768""},{""marketId"":""0xd5a9fba2309a0b85972a96f2cc45f9784e786d712944d8fc0b31a6d9cb4f21d3"",""supplyAPY"":""6.42394482494649781741"",""supplyBalance"":""0"",""usdBalance"":""0""},{""marketId"":""0xd2e8f6fd195556222d7a0314d4fb93fdf84ae920faaebba6dbcf584ac865e1f5"",""supplyAPY"":""6.27030281238483096974"",""supplyBalance"":""0"",""usdBalance"":""0""},{""marketId"":""0xf9f0473b23ebeb82c83078f0f0f77f27ac534c9fb227cb4366e6057b6163ffbf"",""supplyAPY"":""6.28040488543711222908"",""supplyBalance"":""0"",""usdBalance"":""0""},{""marketId"":""0x6eb4ce92dc1d89abd40f9634249ec28e8ab4e3f9bef0ab47ea784773c140d4ef"",""supplyAPY"":""5.98187724191037547174"",""supplyBalance"":""0"",""usdBalance"":""0""}]",Morpho,2026-02-09T05:36:07.000000+0000,0xe5ADd96840F0B908ddeB3Bd144C0283Ac5ca7cA0
"","",0x53a333e51e96fe288bc9add7cdc4b1ead2cd2ffa,0xd61cd1dc0048590ef651d5ad00113044e110e13a0bb7c327a6d41080e1e44904,26800600,999,MetaMorpho,45,INFO,0x86aac56b62d79a0f91e93ad59e323dfead68b3d13e9402259b57acd00607a4a5,1,"[{""marketId"":""0x1c6b87ae1b97071ef444eedcba9f5a92cfe974edbbcaa1946644fc7ab0e283af"",""supplyAPY"":""0"",""supplyBalance"":""0"",""usdBalance"":""0""},{""marketId"":""0xb5b575e402c7c19def8661069c39464c8bf3297b638e64d841b09a4eb2807de5"",""supplyAPY"":""0.83899983443219192036"",""supplyBalance"":""18002.18697373148149551833906928548922"",""usdBalance"":""18002.18697373148149551833906928548922""},{""marketId"":""0xa62327642e110efd38ba2d153867a8625c8dc40832e1d211ba4f4151c3de9050"",""supplyAPY"":""20.70639100310089774112"",""supplyBalance"":""27059.3604219741738761023488217533067"",""usdBalance"":""27059.3604219741738761023488217533067""},{""marketId"":""0xd173e9d80aeacac486b46a9a849ecb386cec260cc7dd5be0db3505a0f9f93fb5"",""supplyAPY"":""0.05214900726359337745"",""supplyBalance"":""7.2217027566343423004910141e-7"",""usdBalance"":""7.2217027566343423004910141e-7""},{""marketId"":""0xc5526286d537c890fdd879d17d80c4a22dc7196c1e1fff0dd6c853692a759c62"",""supplyAPY"":""8.34366202291359152751"",""supplyBalance"":""2722.06668746819986115704934297474492"",""usdBalance"":""2722.06668746819986115704934297474492""},{""marketId"":""0x78f6b57d825ef01a5dc496ad1f426a6375c685047d07a30cd07ac5107ffc7976"",""supplyAPY"":""7.4378238589928400603"",""supplyBalance"":""330799.78564659458336652373982418831072"",""usdBalance"":""330799.78564659458336652373982418831072""},{""marketId"":""0x707dddc200e95dc984feb185abf1321cabec8486dca5a9a96fb5202184106e54"",""supplyAPY"":""7.54067501663875603953"",""supplyBalance"":""50477.86074309489867917920708117391876"",""usdBalance"":""50477.86074309489867917920708117391876""}]",Morpho,2026-02-09T05:36:07.000000+0000,0x53A333e51E96FE288bC9aDd7cdC4B1EAD2CD2FfA
"","",0xe5add96840f0b908ddeb3bd144c0283ac5ca7ca0,0x7c2e4f32398319b958f6c9a41369027a6b96154ecb353c1137b0176695ac5083,26800607,999,MetaMorpho,38,INFO,0x85b64a284c365edbadbb2618475cc6526146929082788f5dd9bdfd9ee3ac6346,2,"[{""marketId"":""0x1c6b87ae1b97071ef444eedcba9f5a92cfe974edbbcaa1946644fc7ab0e283af"",""supplyAPY"":""0"",""supplyBalance"":""36913.568395"",""usdBalance"":""36913.568395""},{""marketId"":""0xa24d04c3aff60d49b3475f0084334546cbf66182e788b6bf173e6f9990b2c816"",""supplyAPY"":""61.91403411319710495776"",""supplyBalance"":""0"",""usdBalance"":""0""},{""marketId"":""0xb5b575e402c7c19def8661069c39464c8bf3297b638e64d841b09a4eb2807de5"",""supplyAPY"":""0.83899983443219192036"",""supplyBalance"":""5000.00212215638973740714852664131176"",""usdBalance"":""5000.00212215638973740714852664131176""},{""marketId"":""0xebeabb17bd69d4b8ed6929a821d69478b564f4cc604d0995944c9da8b5cb3f04"",""supplyAPY"":""24.41134815578520906737"",""supplyBalance"":""0"",""usdBalance"":""0""},{""marketId"":""0x31aaa663d718e83ea15326ec110c4bcf5e123585d0b6c4d0ad61a50c4aa65b1e"",""supplyAPY"":""11.13811599275647153455"",""supplyBalance"":""94258.8019576970069257977930436890117"",""usdBalance"":""94258.8019576970069257977930436890117""},{""marketId"":""0xfbe436e9aa361487f0c3e4ff94c88aea72887a4482c6b8bcfec60a8584cdb05e"",""supplyAPY"":""6.93382467605672127326"",""supplyBalance"":""0"",""usdBalance"":""0""},{""marketId"":""0x78f6b57d825ef01a5dc496ad1f426a6375c685047d07a30cd07ac5107ffc7976"",""supplyAPY"":""7.4378238589928400603"",""supplyBalance"":""74993.24066517111554986024450829004768"",""usdBalance"":""74993.24066517111554986024450829004768""},{""marketId"":""0xace279b5c6eff0a1ce7287249369fa6f4d3d32225e1629b04ef308e0eb568fb0"",""supplyAPY"":""9.51686485408755685135"",""supplyBalance"":""64870.43523762530434248047199794353483"",""usdBalance"":""64870.43523762530434248047199794353483""},{""marketId"":""0x707dddc200e95dc984feb185abf1321cabec8486dca5a9a96fb5202184106e54"",""supplyAPY"":""7.54067501663875603953"",""supplyBalance"":""24129.20444492796544420179764168146798"",""usdBalance"":""24129.20444492796544420179764168146798""},{""marketId"":""0x09ed416b38a29e077383da5ae4200523e54e33ecff6e148c2590969a9852513f"",""supplyAPY"":""2.51251698084912296486"",""supplyBalance"":""64.6796647515685918496673107810768"",""usdBalance"":""64.6796647515685918496673107810768""},{""marketId"":""0xd5a9fba2309a0b85972a96f2cc45f9784e786d712944d8fc0b31a6d9cb4f21d3"",""supplyAPY"":""6.42394482494649781741"",""supplyBalance"":""0"",""usdBalance"":""0""},{""marketId"":""0xd2e8f6fd195556222d7a0314d4fb93fdf84ae920faaebba6dbcf584ac865e1f5"",""supplyAPY"":""6.27030281238483096974"",""supplyBalance"":""0"",""usdBalance"":""0""},{""marketId"":""0xf9f0473b23ebeb82c83078f0f0f77f27ac534c9fb227cb4366e6057b6163ffbf"",""supplyAPY"":""6.28040488543711222908"",""supplyBalance"":""0"",""usdBalance"":""0""},{""marketId"":""0x6eb4ce92dc1d89abd40f9634249ec28e8ab4e3f9bef0ab47ea784773c140d4ef"",""supplyAPY"":""5.98187724191037547174"",""supplyBalance"":""0"",""usdBalance"":""0""}]",Morpho,2026-02-09T05:36:14.000000+0000,0xe5ADd96840F0B908ddeB3Bd144C0283Ac5ca7cA0
"","",0x53a333e51e96fe288bc9add7cdc4b1ead2cd2ffa,0x7c2e4f32398319b958f6c9a41369027a6b96154ecb353c1137b0176695ac5083,26800607,999,MetaMorpho,50,INFO,0x85b64a284c365edbadbb2618475cc6526146929082788f5dd9bdfd9ee3ac6346,2,"[{""marketId"":""0x1c6b87ae1b97071ef444eedcba9f5a92cfe974edbbcaa1946644fc7ab0e283af"",""supplyAPY"":""0"",""supplyBalance"":""0"",""usdBalance"":""0""},{""marketId"":""0xb5b575e402c7c19def8661069c39464c8bf3297b638e64d841b09a4eb2807de5"",""supplyAPY"":""0.83899983443219192036"",""supplyBalance"":""18017.30925271661668803232968635553722"",""usdBalance"":""18017.30925271661668803232968635553722""},{""marketId"":""0xa62327642e110efd38ba2d153867a8625c8dc40832e1d211ba4f4151c3de9050"",""supplyAPY"":""20.70639100310089774112"",""supplyBalance"":""27059.3604219741738761023488217533067"",""usdBalance"":""27059.3604219741738761023488217533067""},{""marketId"":""0xd173e9d80aeacac486b46a9a849ecb386cec260cc7dd5be0db3505a0f9f93fb5"",""supplyAPY"":""0.05214900726359337745"",""supplyBalance"":""7.2217027566343423004910141e-7"",""usdBalance"":""7.2217027566343423004910141e-7""},{""marketId"":""0xc5526286d537c890fdd879d17d80c4a22dc7196c1e1fff0dd6c853692a759c62"",""supplyAPY"":""8.34366202291359152751"",""supplyBalance"":""2722.06668746819986115704934297474492"",""usdBalance"":""2722.06668746819986115704934297474492""},{""marketId"":""0x78f6b57d825ef01a5dc496ad1f426a6375c685047d07a30cd07ac5107ffc7976"",""supplyAPY"":""7.4378238589928400603"",""supplyBalance"":""330799.78564659458336652373982418831072"",""usdBalance"":""330799.78564659458336652373982418831072""},{""marketId"":""0x707dddc200e95dc984feb185abf1321cabec8486dca5a9a96fb5202184106e54"",""supplyAPY"":""7.54067501663875603953"",""supplyBalance"":""50477.86074309489867917920708117391876"",""usdBalance"":""50477.86074309489867917920708117391876""}]",Morpho,2026-02-09T05:36:14.000000+0000,0x53A333e51E96FE288bC9aDd7cdC4B1EAD2CD2FfA
"","",0xe5add96840f0b908ddeb3bd144c0283ac5ca7ca0,0x06452c7c7bc3fbc6ab8c8b898ace891e6b4aa70f6da3d1ce78f10d543158a904,26800608,999,MetaMorpho,12,INFO,0xbe965f1a86427bec5a991b27e2042db63be49c40750983508e182e6e376d29c6,1,"[{""marketId"":""0x1c6b87ae1b97071ef444eedcba9f5a92cfe974edbbcaa1946644fc7ab0e283af"",""supplyAPY"":""0"",""supplyBalance"":""36873.649839"",""usdBalance"":""36873.649839""},{""marketId"":""0xa24d04c3aff60d49b3475f0084334546cbf66182e788b6bf173e6f9990b2c816"",""supplyAPY"":""61.91403411319710495776"",""supplyBalance"":""0"",""usdBalance"":""0""},{""marketId"":""0xb5b575e402c7c19def8661069c39464c8bf3297b638e64d841b09a4eb2807de5"",""supplyAPY"":""0.45130071875640924575"",""supplyBalance"":""5000.00212708254994409119130865540612"",""usdBalance"":""5000.00212708254994409119130865540612""},{""marketId"":""0xebeabb17bd69d4b8ed6929a821d69478b564f4cc604d0995944c9da8b5cb3f04"",""supplyAPY"":""24.41134815578520906737"",""supplyBalance"":""0"",""usdBalance"":""0""},{""marketId"":""0x31aaa663d718e83ea15326ec110c4bcf5e123585d0b6c4d0ad61a50c4aa65b1e"",""supplyAPY"":""11.18013748250198540951"",""supplyBalance"":""94259.01734444403601768746663591839026"",""usdBalance"":""94259.01734444403601768746663591839026""},{""marketId"":""0xfbe436e9aa361487f0c3e4ff94c88aea72887a4482c6b8bcfec60a8584cdb05e"",""supplyAPY"":""6.93382467605672127326"",""supplyBalance"":""0"",""usdBalance"":""0""},{""marketId"":""0x78f6b57d825ef01a5dc496ad1f426a6375c685047d07a30cd07ac5107ffc7976"",""supplyAPY"":""7.4378238589928400603"",""supplyBalance"":""74993.24066517111554986024450829004768"",""usdBalance"":""74993.24066517111554986024450829004768""},{""marketId"":""0xace279b5c6eff0a1ce7287249369fa6f4d3d32225e1629b04ef308e0eb568fb0"",""supplyAPY"":""9.51686485408755685135"",""supplyBalance"":""64870.43523762530434248047199794353483"",""usdBalance"":""64870.43523762530434248047199794353483""},{""marketId"":""0x707dddc200e95dc984feb185abf1321cabec8486dca5a9a96fb5202184106e54"",""supplyAPY"":""7.54067501663875603953"",""supplyBalance"":""24129.20444492796544420179764168146798"",""usdBalance"":""24129.20444492796544420179764168146798""},{""marketId"":""0x09ed416b38a29e077383da5ae4200523e54e33ecff6e148c2590969a9852513f"",""supplyAPY"":""2.51251698084912296486"",""supplyBalance"":""64.6796647515685918496673107810768"",""usdBalance"":""64.6796647515685918496673107810768""},{""marketId"":""0xd5a9fba2309a0b85972a96f2cc45f9784e786d712944d8fc0b31a6d9cb4f21d3"",""supplyAPY"":""6.42394482494649781741"",""supplyBalance"":""0"",""usdBalance"":""0""},{""marketId"":""0xd2e8f6fd195556222d7a0314d4fb93fdf84ae920faaebba6dbcf584ac865e1f5"",""supplyAPY"":""6.27030281238483096974"",""supplyBalance"":""0"",""usdBalance"":""0""},{""marketId"":""0xf9f0473b23ebeb82c83078f0f0f77f27ac534c9fb227cb4366e6057b6163ffbf"",""supplyAPY"":""6.28040488543711222908"",""supplyBalance"":""0"",""usdBalance"":""0""},{""marketId"":""0x6eb4ce92dc1d89abd40f9634249ec28e8ab4e3f9bef0ab47ea784773c140d4ef"",""supplyAPY"":""5.98187724191037547174"",""supplyBalance"":""0"",""usdBalance"":""0""}]",Morpho,2026-02-09T05:36:15.000000+0000,0xe5ADd96840F0B908ddeB3Bd144C0283Ac5ca7cA0
"","",0x53a333e51e96fe288bc9add7cdc4b1ead2cd2ffa,0x06452c7c7bc3fbc6ab8c8b898ace891e6b4aa70f6da3d1ce78f10d543158a904,26800608,999,MetaMorpho,24,INFO,0xbe965f1a86427bec5a991b27e2042db63be49c40750983508e182e6e376d29c6,1,"[{""marketId"":""0x1c6b87ae1b97071ef444eedcba9f5a92cfe974edbbcaa1946644fc7ab0e283af"",""supplyAPY"":""0"",""supplyBalance"":""0"",""usdBalance"":""0""},{""marketId"":""0xb5b575e402c7c19def8661069c39464c8bf3297b638e64d841b09a4eb2807de5"",""supplyAPY"":""0.45130071875640924575"",""supplyBalance"":""18057.22778746280496046098495074929104"",""usdBalance"":""18057.22778746280496046098495074929104""},{""marketId"":""0xa62327642e110efd38ba2d153867a8625c8dc40832e1d211ba4f4151c3de9050"",""supplyAPY"":""20.19275242999398592906"",""supplyBalance"":""27059.4412246365482564999434975533934"",""usdBalance"":""27059.4412246365482564999434975533934""},{""marketId"":""0xd173e9d80aeacac486b46a9a849ecb386cec260cc7dd5be0db3505a0f9f93fb5"",""supplyAPY"":""0.05214900726359337745"",""supplyBalance"":""7.2217027566343423004910141e-7"",""usdBalance"":""7.2217027566343423004910141e-7""},{""marketId"":""0xc5526286d537c890fdd879d17d80c4a22dc7196c1e1fff0dd6c853692a759c62"",""supplyAPY"":""8.34366202291359152751"",""supplyBalance"":""2722.06668746819986115704934297474492"",""usdBalance"":""2722.06668746819986115704934297474492""},{""marketId"":""0x78f6b57d825ef01a5dc496ad1f426a6375c685047d07a30cd07ac5107ffc7976"",""supplyAPY"":""7.4378238589928400603"",""supplyBalance"":""330799.78564659458336652373982418831072"",""usdBalance"":""330799.78564659458336652373982418831072""},{""marketId"":""0x707dddc200e95dc984feb185abf1321cabec8486dca5a9a96fb5202184106e54"",""supplyAPY"":""7.54067501663875603953"",""supplyBalance"":""50477.86074309489867917920708117391876"",""usdBalance"":""50477.86074309489867917920708117391876""}]",Morpho,2026-02-09T05:36:15.000000+0000,0x53A333e51E96FE288bC9aDd7cdC4B1EAD2CD2FfA
"","",0xe5add96840f0b908ddeb3bd144c0283ac5ca7ca0,0x06452c7c7bc3fbc6ab8c8b898ace891e6b4aa70f6da3d1ce78f10d543158a904,26800608,999,MetaMorpho,41,INFO,0x4858b60eeb407457dc9007bbab258fabc66abe0741719cd907a6426a7f51d92e,2,"[{""marketId"":""0x1c6b87ae1b97071ef444eedcba9f5a92cfe974edbbcaa1946644fc7ab0e283af"",""supplyAPY"":""0"",""supplyBalance"":""36873.649839"",""usdBalance"":""36873.649839""},{""marketId"":""0xa24d04c3aff60d49b3475f0084334546cbf66182e788b6bf173e6f9990b2c816"",""supplyAPY"":""61.91403411319710495776"",""supplyBalance"":""0"",""usdBalance"":""0""},{""marketId"":""0xb5b575e402c7c19def8661069c39464c8bf3297b638e64d841b09a4eb2807de5"",""supplyAPY"":""0.45039207058494781707"",""supplyBalance"":""5000.00212772465791981681810330751684"",""usdBalance"":""5000.00212772465791981681810330751684""},{""marketId"":""0xebeabb17bd69d4b8ed6929a821d69478b564f4cc604d0995944c9da8b5cb3f04"",""supplyAPY"":""24.41134815578520906737"",""supplyBalance"":""0"",""usdBalance"":""0""},{""marketId"":""0x31aaa663d718e83ea15326ec110c4bcf5e123585d0b6c4d0ad61a50c4aa65b1e"",""supplyAPY"":""11.18013748250198540951"",""supplyBalance"":""94259.01734444403601768746663591839026"",""usdBalance"":""94259.01734444403601768746663591839026""},{""marketId"":""0xfbe436e9aa361487f0c3e4ff94c88aea72887a4482c6b8bcfec60a8584cdb05e"",""supplyAPY"":""6.93382467605672127326"",""supplyBalance"":""0"",""usdBalance"":""0""},{""marketId"":""0x78f6b57d825ef01a5dc496ad1f426a6375c685047d07a30cd07ac5107ffc7976"",""supplyAPY"":""7.4378238589928400603"",""supplyBalance"":""74993.24066517111554986024450829004768"",""usdBalance"":""74993.24066517111554986024450829004768""},{""marketId"":""0xace279b5c6eff0a1ce7287249369fa6f4d3d32225e1629b04ef308e0eb568fb0"",""supplyAPY"":""9.51686485408755685135"",""supplyBalance"":""64870.43523762530434248047199794353483"",""usdBalance"":""64870.43523762530434248047199794353483""},{""marketId"":""0x707dddc200e95dc984feb185abf1321cabec8486dca5a9a96fb5202184106e54"",""supplyAPY"":""7.54067501663875603953"",""supplyBalance"":""24129.20444492796544420179764168146798"",""usdBalance"":""24129.20444492796544420179764168146798""},{""marketId"":""0x09ed416b38a29e077383da5ae4200523e54e33ecff6e148c2590969a9852513f"",""supplyAPY"":""2.51251698084912296486"",""supplyBalance"":""64.6796647515685918496673107810768"",""usdBalance"":""64.6796647515685918496673107810768""},{""marketId"":""0xd5a9fba2309a0b85972a96f2cc45f9784e786d712944d8fc0b31a6d9cb4f21d3"",""supplyAPY"":""6.42394482494649781741"",""supplyBalance"":""0"",""usdBalance"":""0""},{""marketId"":""0xd2e8f6fd195556222d7a0314d4fb93fdf84ae920faaebba6dbcf584ac865e1f5"",""supplyAPY"":""6.27030281238483096974"",""supplyBalance"":""0"",""usdBalance"":""0""},{""marketId"":""0xf9f0473b23ebeb82c83078f0f0f77f27ac534c9fb227cb4366e6057b6163ffbf"",""supplyAPY"":""6.28040488543711222908"",""supplyBalance"":""0"",""usdBalance"":""0""},{""marketId"":""0x6eb4ce92dc1d89abd40f9634249ec28e8ab4e3f9bef0ab47ea784773c140d4ef"",""supplyAPY"":""5.98187724191037547174"",""supplyBalance"":""0"",""usdBalance"":""0""}]",Morpho,2026-02-09T05:36:15.000000+0000,0xe5ADd96840F0B908ddeB3Bd144C0283Ac5ca7cA0
"","",0x53a333e51e96fe288bc9add7cdc4b1ead2cd2ffa,0x06452c7c7bc3fbc6ab8c8b898ace891e6b4aa70f6da3d1ce78f10d543158a904,26800608,999,MetaMorpho,52,INFO,0x4858b60eeb407457dc9007bbab258fabc66abe0741719cd907a6426a7f51d92e,2,"[{""marketId"":""0x1c6b87ae1b97071ef444eedcba9f5a92cfe974edbbcaa1946644fc7ab0e283af"",""supplyAPY"":""0"",""supplyBalance"":""0"",""usdBalance"":""0""},{""marketId"":""0xb5b575e402c7c19def8661069c39464c8bf3297b638e64d841b09a4eb2807de5"",""supplyAPY"":""0.45039207058494781707"",""supplyBalance"":""18057.22778978174197031175141627064528"",""usdBalance"":""18057.22778978174197031175141627064528""},{""marketId"":""0xa62327642e110efd38ba2d153867a8625c8dc40832e1d211ba4f4151c3de9050"",""supplyAPY"":""20.19275242999398592906"",""supplyBalance"":""27059.4412246365482564999434975533934"",""usdBalance"":""27059.4412246365482564999434975533934""},{""marketId"":""0xd173e9d80aeacac486b46a9a849ecb386cec260cc7dd5be0db3505a0f9f93fb5"",""supplyAPY"":""0.05214900726359337745"",""supplyBalance"":""7.2217027566343423004910141e-7"",""usdBalance"":""7.2217027566343423004910141e-7""},{""marketId"":""0xc5526286d537c890fdd879d17d80c4a22dc7196c1e1fff0dd6c853692a759c62"",""supplyAPY"":""8.34366202291359152751"",""supplyBalance"":""2722.06668746819986115704934297474492"",""usdBalance"":""2722.06668746819986115704934297474492""},{""marketId"":""0x78f6b57d825ef01a5dc496ad1f426a6375c685047d07a30cd07ac5107ffc7976"",""supplyAPY"":""7.4378238589928400603"",""supplyBalance"":""330799.78564659458336652373982418831072"",""usdBalance"":""330799.78564659458336652373982418831072""},{""marketId"":""0x707dddc200e95dc984feb185abf1321cabec8486dca5a9a96fb5202184106e54"",""supplyAPY"":""7.54067501663875603953"",""supplyBalance"":""50477.86074309489867917920708117391876"",""usdBalance"":""50477.86074309489867917920708117391876""}]",Morpho,2026-02-09T05:36:15.000000+0000,0x53A333e51E96FE288bC9aDd7cdC4B1EAD2CD2FfA
"","",0xe5add96840f0b908ddeb3bd144c0283ac5ca7ca0,0x28c823670ac528d9c94ee25711a0d23fdc6d873ad79d197f6be94d81cd9061bf,26800609,999,MetaMorpho,26,INFO,0x3e6d864697d14b68927c2d286245cfe1967d7ff7b107cb068068fcab1dfb3d5e,1,"[{""marketId"":""0x1c6b87ae1b97071ef444eedcba9f5a92cfe974edbbcaa1946644fc7ab0e283af"",""supplyAPY"":""0"",""supplyBalance"":""36772.892313"",""usdBalance"":""36772.892313""},{""marketId"":""0xa24d04c3aff60d49b3475f0084334546cbf66182e788b6bf173e6f9990b2c816"",""supplyAPY"":""61.91403411319710495776"",""supplyBalance"":""0"",""usdBalance"":""0""},{""marketId"":""0xb5b575e402c7c19def8661069c39464c8bf3297b638e64d841b09a4eb2807de5"",""supplyAPY"":""0.45039207058494781707"",""supplyBalance"":""5000.00212772465791981681810330751684"",""usdBalance"":""5000.00212772465791981681810330751684""},{""marketId"":""0xebeabb17bd69d4b8ed6929a821d69478b564f4cc604d0995944c9da8b5cb3f04"",""supplyAPY"":""24.41134815578520906737"",""supplyBalance"":""0"",""usdBalance"":""0""},{""marketId"":""0x31aaa663d718e83ea15326ec110c4bcf5e123585d0b6c4d0ad61a50c4aa65b1e"",""supplyAPY"":""11.18013748250198540951"",""supplyBalance"":""94259.01734444403601768746663591839026"",""usdBalance"":""94259.01734444403601768746663591839026""},{""marketId"":""0xfbe436e9aa361487f0c3e4ff94c88aea72887a4482c6b8bcfec60a8584cdb05e"",""supplyAPY"":""6.93382467605672127326"",""supplyBalance"":""0"",""usdBalance"":""0""},{""marketId"":""0x78f6b57d825ef01a5dc496ad1f426a6375c685047d07a30cd07ac5107ffc7976"",""supplyAPY"":""7.4378238589928400603"",""supplyBalance"":""74993.24066517111554986024450829004768"",""usdBalance"":""74993.24066517111554986024450829004768""},{""marketId"":""0xace279b5c6eff0a1ce7287249369fa6f4d3d32225e1629b04ef308e0eb568fb0"",""supplyAPY"":""9.51686485408755685135"",""supplyBalance"":""64870.43523762530434248047199794353483"",""usdBalance"":""64870.43523762530434248047199794353483""},{""marketId"":""0x707dddc200e95dc984feb185abf1321cabec8486dca5a9a96fb5202184106e54"",""supplyAPY"":""7.54067501663875603953"",""supplyBalance"":""24129.20444492796544420179764168146798"",""usdBalance"":""24129.20444492796544420179764168146798""},{""marketId"":""0x09ed416b38a29e077383da5ae4200523e54e33ecff6e148c2590969a9852513f"",""supplyAPY"":""2.51251698084912296486"",""supplyBalance"":""64.6796647515685918496673107810768"",""usdBalance"":""64.6796647515685918496673107810768""},{""marketId"":""0xd5a9fba2309a0b85972a96f2cc45f9784e786d712944d8fc0b31a6d9cb4f21d3"",""supplyAPY"":""6.42394482494649781741"",""supplyBalance"":""0"",""usdBalance"":""0""},{""marketId"":""0xd2e8f6fd195556222d7a0314d4fb93fdf84ae920faaebba6dbcf584ac865e1f5"",""supplyAPY"":""6.27030281238483096974"",""supplyBalance"":""0"",""usdBalance"":""0""},{""marketId"":""0xf9f0473b23ebeb82c83078f0f0f77f27ac534c9fb227cb4366e6057b6163ffbf"",""supplyAPY"":""6.28040488543711222908"",""supplyBalance"":""0"",""usdBalance"":""0""},{""marketId"":""0x6eb4ce92dc1d89abd40f9634249ec28e8ab4e3f9bef0ab47ea784773c140d4ef"",""supplyAPY"":""5.98187724191037547174"",""supplyBalance"":""0"",""usdBalance"":""0""}]",Morpho,2026-02-09T05:36:16.000000+0000,0xe5ADd96840F0B908ddeB3Bd144C0283Ac5ca7cA0
"","",0x53a333e51e96fe288bc9add7cdc4b1ead2cd2ffa,0x28c823670ac528d9c94ee25711a0d23fdc6d873ad79d197f6be94d81cd9061bf,26800609,999,MetaMorpho,38,INFO,0x3e6d864697d14b68927c2d286245cfe1967d7ff7b107cb068068fcab1dfb3d5e,1,"[{""marketId"":""0x1c6b87ae1b97071ef444eedcba9f5a92cfe974edbbcaa1946644fc7ab0e283af"",""supplyAPY"":""0"",""supplyBalance"":""0"",""usdBalance"":""0""},{""marketId"":""0xb5b575e402c7c19def8661069c39464c8bf3297b638e64d841b09a4eb2807de5"",""supplyAPY"":""0.45039207058494781707"",""supplyBalance"":""18157.98521576905720352743865762130183"",""usdBalance"":""18157.98521576905720352743865762130183""},{""marketId"":""0xa62327642e110efd38ba2d153867a8625c8dc40832e1d211ba4f4151c3de9050"",""supplyAPY"":""20.19275242999398592906"",""supplyBalance"":""27059.4412246365482564999434975533934"",""usdBalance"":""27059.4412246365482564999434975533934""},{""marketId"":""0xd173e9d80aeacac486b46a9a849ecb386cec260cc7dd5be0db3505a0f9f93fb5"",""supplyAPY"":""0.05214900726359337745"",""supplyBalance"":""7.2217027566343423004910141e-7"",""usdBalance"":""7.2217027566343423004910141e-7""},{""marketId"":""0xc5526286d537c890fdd879d17d80c4a22dc7196c1e1fff0dd6c853692a759c62"",""supplyAPY"":""8.34366202291359152751"",""supplyBalance"":""2722.06668746819986115704934297474492"",""usdBalance"":""2722.06668746819986115704934297474492""},{""marketId"":""0x78f6b57d825ef01a5dc496ad1f426a6375c685047d07a30cd07ac5107ffc7976"",""supplyAPY"":""7.4378238589928400603"",""supplyBalance"":""330799.78564659458336652373982418831072"",""usdBalance"":""330799.78564659458336652373982418831072""},{""marketId"":""0x707dddc200e95dc984feb185abf1321cabec8486dca5a9a96fb5202184106e54"",""supplyAPY"":""7.54067501663875603953"",""supplyBalance"":""50477.86074309489867917920708117391876"",""usdBalance"":""50477.86074309489867917920708117391876""}]",Morpho,2026-02-09T05:36:16.000000+0000,0x53A333e51E96FE288bC9aDd7cdC4B1EAD2CD2FfA
"","",0xe5add96840f0b908ddeb3bd144c0283ac5ca7ca0,0xb6ce1dc1c31bf886893923a74bebeb76e79b8fc727aabf092dc7e3eb6ca31729,26800610,999,MetaMorpho,15,INFO,0x39421989f0e6139596e23cbd60b8583c2d681e02f941308878c4cad272a5abf9,1,"[{""marketId"":""0x1c6b87ae1b97071ef444eedcba9f5a92cfe974edbbcaa1946644fc7ab0e283af"",""supplyAPY"":""0"",""supplyBalance"":""36621.767555"",""usdBalance"":""36621.767555""},{""marketId"":""0xa24d04c3aff60d49b3475f0084334546cbf66182e788b6bf173e6f9990b2c816"",""supplyAPY"":""61.91403411319710495776"",""supplyBalance"":""0"",""usdBalance"":""0""},{""marketId"":""0xb5b575e402c7c19def8661069c39464c8bf3297b638e64d841b09a4eb2807de5"",""supplyAPY"":""0.44810204406158930648"",""supplyBalance"":""5000.00212836564055330657909877068004"",""usdBalance"":""5000.00212836564055330657909877068004""},{""marketId"":""0xebeabb17bd69d4b8ed6929a821d69478b564f4cc604d0995944c9da8b5cb3f04"",""supplyAPY"":""24.41134815578520906737"",""supplyBalance"":""0"",""usdBalance"":""0""},{""marketId"":""0x31aaa663d718e83ea15326ec110c4bcf5e123585d0b6c4d0ad61a50c4aa65b1e"",""supplyAPY"":""11.18013748250198540951"",""supplyBalance"":""94259.01734444403601768746663591839026"",""usdBalance"":""94259.01734444403601768746663591839026""},{""marketId"":""0xfbe436e9aa361487f0c3e4ff94c88aea72887a4482c6b8bcfec60a8584cdb05e"",""supplyAPY"":""6.93382467605672127326"",""supplyBalance"":""0"",""usdBalance"":""0""},{""marketId"":""0x78f6b57d825ef01a5dc496ad1f426a6375c685047d07a30cd07ac5107ffc7976"",""supplyAPY"":""7.4378238589928400603"",""supplyBalance"":""74993.24066517111554986024450829004768"",""usdBalance"":""74993.24066517111554986024450829004768""},{""marketId"":""0xace279b5c6eff0a1ce7287249369fa6f4d3d32225e1629b04ef308e0eb568fb0"",""supplyAPY"":""9.51686485408755685135"",""supplyBalance"":""64870.43523762530434248047199794353483"",""usdBalance"":""64870.43523762530434248047199794353483""},{""marketId"":""0x707dddc200e95dc984feb185abf1321cabec8486dca5a9a96fb5202184106e54"",""supplyAPY"":""7.54067501663875603953"",""supplyBalance"":""24129.20444492796544420179764168146798"",""usdBalance"":""24129.20444492796544420179764168146798""},{""marketId"":""0x09ed416b38a29e077383da5ae4200523e54e33ecff6e148c2590969a9852513f"",""supplyAPY"":""2.51251698084912296486"",""supplyBalance"":""64.6796647515685918496673107810768"",""usdBalance"":""64.6796647515685918496673107810768""},{""marketId"":""0xd5a9fba2309a0b85972a96f2cc45f9784e786d712944d8fc0b31a6d9cb4f21d3"",""supplyAPY"":""6.42394482494649781741"",""supplyBalance"":""0"",""usdBalance"":""0""},{""marketId"":""0xd2e8f6fd195556222d7a0314d4fb93fdf84ae920faaebba6dbcf584ac865e1f5"",""supplyAPY"":""6.27030281238483096974"",""supplyBalance"":""0"",""usdBalance"":""0""},{""marketId"":""0xf9f0473b23ebeb82c83078f0f0f77f27ac534c9fb227cb4366e6057b6163ffbf"",""supplyAPY"":""6.28040488543711222908"",""supplyBalance"":""0"",""usdBalance"":""0""},{""marketId"":""0x6eb4ce92dc1d89abd40f9634249ec28e8ab4e3f9bef0ab47ea784773c140d4ef"",""supplyAPY"":""5.98187724191037547174"",""supplyBalance"":""0"",""usdBalance"":""0""}]",Morpho,2026-02-09T05:36:17.000000+0000,0xe5ADd96840F0B908ddeB3Bd144C0283Ac5ca7cA0
"","",0x53a333e51e96fe288bc9add7cdc4b1ead2cd2ffa,0xb6ce1dc1c31bf886893923a74bebeb76e79b8fc727aabf092dc7e3eb6ca31729,26800610,999,MetaMorpho,27,INFO,0x39421989f0e6139596e23cbd60b8583c2d681e02f941308878c4cad272a5abf9,1,"[{""marketId"":""0x1c6b87ae1b97071ef444eedcba9f5a92cfe974edbbcaa1946644fc7ab0e283af"",""supplyAPY"":""0"",""supplyBalance"":""0"",""usdBalance"":""0""},{""marketId"":""0xb5b575e402c7c19def8661069c39464c8bf3297b638e64d841b09a4eb2807de5"",""supplyAPY"":""0.44810204406158930648"",""supplyBalance"":""18309.10982507790217302506242969451795"",""usdBalance"":""18309.10982507790217302506242969451795""},{""marketId"":""0xa62327642e110efd38ba2d153867a8625c8dc40832e1d211ba4f4151c3de9050"",""supplyAPY"":""20.19275242999398592906"",""supplyBalance"":""27059.4412246365482564999434975533934"",""usdBalance"":""27059.4412246365482564999434975533934""},{""marketId"":""0xd173e9d80aeacac486b46a9a849ecb386cec260cc7dd5be0db3505a0f9f93fb5"",""supplyAPY"":""0.05214900726359337745"",""supplyBalance"":""7.2217027566343423004910141e-7"",""usdBalance"":""7.2217027566343423004910141e-7""},{""marketId"":""0xc5526286d537c890fdd879d17d80c4a22dc7196c1e1fff0dd6c853692a759c62"",""supplyAPY"":""8.34366202291359152751"",""supplyBalance"":""2722.06668746819986115704934297474492"",""usdBalance"":""2722.06668746819986115704934297474492""},{""marketId"":""0x78f6b57d825ef01a5dc496ad1f426a6375c685047d07a30cd07ac5107ffc7976"",""supplyAPY"":""7.4378238589928400603"",""supplyBalance"":""330799.78564659458336652373982418831072"",""usdBalance"":""330799.78564659458336652373982418831072""},{""marketId"":""0x707dddc200e95dc984feb185abf1321cabec8486dca5a9a96fb5202184106e54"",""supplyAPY"":""7.54067501663875603953"",""supplyBalance"":""50477.86074309489867917920708117391876"",""usdBalance"":""50477.86074309489867917920708117391876""}]",Morpho,2026-02-09T05:36:17.000000+0000,0x53A333e51E96FE288bC9aDd7cdC4B1EAD2CD2FfA
"","",0xe5add96840f0b908ddeb3bd144c0283ac5ca7ca0,0xd1f644eea983e4c8704a1bbddd39e0750726241175dce9ec34321ce17caf248c,26800622,999,MetaMorpho,5,INFO,0x7042cd4ce152a1571d3aed9118b5c83ffa378d53fc5c08260bb58c61231cd459,0,"[{""marketId"":""0x1c6b87ae1b97071ef444eedcba9f5a92cfe974edbbcaa1946644fc7ab0e283af"",""supplyAPY"":""0"",""supplyBalance"":""34615.638877"",""usdBalance"":""34615.638877""},{""marketId"":""0xa24d04c3aff60d49b3475f0084334546cbf66182e788b6bf173e6f9990b2c816"",""supplyAPY"":""61.91403411319710495776"",""supplyBalance"":""0"",""usdBalance"":""0""},{""marketId"":""0xb5b575e402c7c19def8661069c39464c8bf3297b638e64d841b09a4eb2807de5"",""supplyAPY"":""0.44434469747806122648"",""supplyBalance"":""5000.00212900385092018399930659840644"",""usdBalance"":""5000.00212900385092018399930659840644""},{""marketId"":""0xebeabb17bd69d4b8ed6929a821d69478b564f4cc604d0995944c9da8b5cb3f04"",""supplyAPY"":""24.41134815578520906737"",""supplyBalance"":""0"",""usdBalance"":""0""},{""marketId"":""0x31aaa663d718e83ea15326ec110c4bcf5e123585d0b6c4d0ad61a50c4aa65b1e"",""supplyAPY"":""11.18013748250198540951"",""supplyBalance"":""94259.01734444403601768746663591839026"",""usdBalance"":""94259.01734444403601768746663591839026""},{""marketId"":""0xfbe436e9aa361487f0c3e4ff94c88aea72887a4482c6b8bcfec60a8584cdb05e"",""supplyAPY"":""6.93382467605672127326"",""supplyBalance"":""0"",""usdBalance"":""0""},{""marketId"":""0x78f6b57d825ef01a5dc496ad1f426a6375c685047d07a30cd07ac5107ffc7976"",""supplyAPY"":""7.4378238589928400603"",""supplyBalance"":""74993.24066517111554986024450829004768"",""usdBalance"":""74993.24066517111554986024450829004768""},{""marketId"":""0xace279b5c6eff0a1ce7287249369fa6f4d3d32225e1629b04ef308e0eb568fb0"",""supplyAPY"":""9.51686485408755685135"",""supplyBalance"":""64870.43523762530434248047199794353483"",""usdBalance"":""64870.43523762530434248047199794353483""},{""marketId"":""0x707dddc200e95dc984feb185abf1321cabec8486dca5a9a96fb5202184106e54"",""supplyAPY"":""7.54067501663875603953"",""supplyBalance"":""24129.20444492796544420179764168146798"",""usdBalance"":""24129.20444492796544420179764168146798""},{""marketId"":""0x09ed416b38a29e077383da5ae4200523e54e33ecff6e148c2590969a9852513f"",""supplyAPY"":""2.51251698084912296486"",""supplyBalance"":""64.6796647515685918496673107810768"",""usdBalance"":""64.6796647515685918496673107810768""},{""marketId"":""0xd5a9fba2309a0b85972a96f2cc45f9784e786d712944d8fc0b31a6d9cb4f21d3"",""supplyAPY"":""6.42394482494649781741"",""supplyBalance"":""0"",""usdBalance"":""0""},{""marketId"":""0xd2e8f6fd195556222d7a0314d4fb93fdf84ae920faaebba6dbcf584ac865e1f5"",""supplyAPY"":""6.27030281238483096974"",""supplyBalance"":""0"",""usdBalance"":""0""},{""marketId"":""0xf9f0473b23ebeb82c83078f0f0f77f27ac534c9fb227cb4366e6057b6163ffbf"",""supplyAPY"":""6.28040488543711222908"",""supplyBalance"":""0"",""usdBalance"":""0""},{""marketId"":""0x6eb4ce92dc1d89abd40f9634249ec28e8ab4e3f9bef0ab47ea784773c140d4ef"",""supplyAPY"":""5.98187724191037547174"",""supplyBalance"":""0"",""usdBalance"":""0""}]",Morpho,2026-02-09T05:36:29.000000+0000,0xe5ADd96840F0B908ddeB3Bd144C0283Ac5ca7cA0
"","",0x53a333e51e96fe288bc9add7cdc4b1ead2cd2ffa,0xd1f644eea983e4c8704a1bbddd39e0750726241175dce9ec34321ce17caf248c,26800622,999,MetaMorpho,17,INFO,0x7042cd4ce152a1571d3aed9118b5c83ffa378d53fc5c08260bb58c61231cd459,0,"[{""marketId"":""0x1c6b87ae1b97071ef444eedcba9f5a92cfe974edbbcaa1946644fc7ab0e283af"",""supplyAPY"":""0"",""supplyBalance"":""0"",""usdBalance"":""0""},{""marketId"":""0xb5b575e402c7c19def8661069c39464c8bf3297b638e64d841b09a4eb2807de5"",""supplyAPY"":""0.44434469747806122648"",""supplyBalance"":""20315.23649611153911709980312206195673"",""usdBalance"":""20315.23649611153911709980312206195673""},{""marketId"":""0xa62327642e110efd38ba2d153867a8625c8dc40832e1d211ba4f4151c3de9050"",""supplyAPY"":""20.19275242999398592906"",""supplyBalance"":""27059.4412246365482564999434975533934"",""usdBalance"":""27059.4412246365482564999434975533934""},{""marketId"":""0xd173e9d80aeacac486b46a9a849ecb386cec260cc7dd5be0db3505a0f9f93fb5"",""supplyAPY"":""0.05214900726359337745"",""supplyBalance"":""7.2217027566343423004910141e-7"",""usdBalance"":""7.2217027566343423004910141e-7""},{""marketId"":""0xc5526286d537c890fdd879d17d80c4a22dc7196c1e1fff0dd6c853692a759c62"",""supplyAPY"":""8.34366202291359152751"",""supplyBalance"":""2722.06668746819986115704934297474492"",""usdBalance"":""2722.06668746819986115704934297474492""},{""marketId"":""0x78f6b57d825ef01a5dc496ad1f426a6375c685047d07a30cd07ac5107ffc7976"",""supplyAPY"":""7.4378238589928400603"",""supplyBalance"":""330799.78564659458336652373982418831072"",""usdBalance"":""330799.78564659458336652373982418831072""},{""marketId"":""0x707dddc200e95dc984feb185abf1321cabec8486dca5a9a96fb5202184106e54"",""supplyAPY"":""7.54067501663875603953"",""supplyBalance"":""50477.86074309489867917920708117391876"",""usdBalance"":""50477.86074309489867917920708117391876""}]",Morpho,2026-02-09T05:36:29.000000+0000,0x53A333e51E96FE288bC9aDd7cdC4B1EAD2CD2FfA
"","",0xe5add96840f0b908ddeb3bd144c0283ac5ca7ca0,0x2573ff13d813d9481627f9168de87e6af8a32ec4bb427e9a1c3a8475a565a7eb,26800624,999,MetaMorpho,5,INFO,0x7325e111ee6854a0ce9ed36b465004811df747c26aaf0f637b0bf74dee7527a3,0,"[{""marketId"":""0x1c6b87ae1b97071ef444eedcba9f5a92cfe974edbbcaa1946644fc7ab0e283af"",""supplyAPY"":""0"",""supplyBalance"":""34580.50409"",""usdBalance"":""34580.50409""},{""marketId"":""0xa24d04c3aff60d49b3475f0084334546cbf66182e788b6bf173e6f9990b2c816"",""supplyAPY"":""61.91403411319710495776"",""supplyBalance"":""0"",""usdBalance"":""0""},{""marketId"":""0xb5b575e402c7c19def8661069c39464c8bf3297b638e64d841b09a4eb2807de5"",""supplyAPY"":""0.40837694962191830878"",""supplyBalance"":""5000.00213724762614333421998538198892"",""usdBalance"":""5000.00213724762614333421998538198892""},{""marketId"":""0xebeabb17bd69d4b8ed6929a821d69478b564f4cc604d0995944c9da8b5cb3f04"",""supplyAPY"":""24.41134815578520906737"",""supplyBalance"":""0"",""usdBalance"":""0""},{""marketId"":""0x31aaa663d718e83ea15326ec110c4bcf5e123585d0b6c4d0ad61a50c4aa65b1e"",""supplyAPY"":""11.18013748250198540951"",""supplyBalance"":""94259.01734444403601768746663591839026"",""usdBalance"":""94259.01734444403601768746663591839026""},{""marketId"":""0xfbe436e9aa361487f0c3e4ff94c88aea72887a4482c6b8bcfec60a8584cdb05e"",""supplyAPY"":""6.93382467605672127326"",""supplyBalance"":""0"",""usdBalance"":""0""},{""marketId"":""0x78f6b57d825ef01a5dc496ad1f426a6375c685047d07a30cd07ac5107ffc7976"",""supplyAPY"":""7.4378238589928400603"",""supplyBalance"":""74993.24066517111554986024450829004768"",""usdBalance"":""74993.24066517111554986024450829004768""},{""marketId"":""0xace279b5c6eff0a1ce7287249369fa6f4d3d32225e1629b04ef308e0eb568fb0"",""supplyAPY"":""9.51686485408755685135"",""supplyBalance"":""64870.43523762530434248047199794353483"",""usdBalance"":""64870.43523762530434248047199794353483""},{""marketId"":""0x707dddc200e95dc984feb185abf1321cabec8486dca5a9a96fb5202184106e54"",""supplyAPY"":""7.54067501663875603953"",""supplyBalance"":""24129.20444492796544420179764168146798"",""usdBalance"":""24129.20444492796544420179764168146798""},{""marketId"":""0x09ed416b38a29e077383da5ae4200523e54e33ecff6e148c2590969a9852513f"",""supplyAPY"":""2.51251698084912296486"",""supplyBalance"":""64.6796647515685918496673107810768"",""usdBalance"":""64.6796647515685918496673107810768""},{""marketId"":""0xd5a9fba2309a0b85972a96f2cc45f9784e786d712944d8fc0b31a6d9cb4f21d3"",""supplyAPY"":""6.42394482494649781741"",""supplyBalance"":""0"",""usdBalance"":""0""},{""marketId"":""0xd2e8f6fd195556222d7a0314d4fb93fdf84ae920faaebba6dbcf584ac865e1f5"",""supplyAPY"":""6.27030281238483096974"",""supplyBalance"":""0"",""usdBalance"":""0""},{""marketId"":""0xf9f0473b23ebeb82c83078f0f0f77f27ac534c9fb227cb4366e6057b6163ffbf"",""supplyAPY"":""6.28040488543711222908"",""supplyBalance"":""0"",""usdBalance"":""0""},{""marketId"":""0x6eb4ce92dc1d89abd40f9634249ec28e8ab4e3f9bef0ab47ea784773c140d4ef"",""supplyAPY"":""5.98187724191037547174"",""supplyBalance"":""0"",""usdBalance"":""0""}]",Morpho,2026-02-09T05:36:31.000000+0000,0xe5ADd96840F0B908ddeB3Bd144C0283Ac5ca7cA0
"","",0x53a333e51e96fe288bc9add7cdc4b1ead2cd2ffa,0x2573ff13d813d9481627f9168de87e6af8a32ec4bb427e9a1c3a8475a565a7eb,26800624,999,MetaMorpho,17,INFO,0x7325e111ee6854a0ce9ed36b465004811df747c26aaf0f637b0bf74dee7527a3,0,"[{""marketId"":""0x1c6b87ae1b97071ef444eedcba9f5a92cfe974edbbcaa1946644fc7ab0e283af"",""supplyAPY"":""0"",""supplyBalance"":""0"",""usdBalance"":""0""},{""marketId"":""0xb5b575e402c7c19def8661069c39464c8bf3297b638e64d841b09a4eb2807de5"",""supplyAPY"":""0.40837694962191830878"",""supplyBalance"":""20350.37128159823058412944883210358848"",""usdBalance"":""20350.37128159823058412944883210358848""},{""marketId"":""0xa62327642e110efd38ba2d153867a8625c8dc40832e1d211ba4f4151c3de9050"",""supplyAPY"":""20.19275242999398592906"",""supplyBalance"":""27059.4412246365482564999434975533934"",""usdBalance"":""27059.4412246365482564999434975533934""},{""marketId"":""0xd173e9d80aeacac486b46a9a849ecb386cec260cc7dd5be0db3505a0f9f93fb5"",""supplyAPY"":""0.05214900726359337745"",""supplyBalance"":""7.2217027566343423004910141e-7"",""usdBalance"":""7.2217027566343423004910141e-7""},{""marketId"":""0xc5526286d537c890fdd879d17d80c4a22dc7196c1e1fff0dd6c853692a759c62"",""supplyAPY"":""8.34366202291359152751"",""supplyBalance"":""2722.06668746819986115704934297474492"",""usdBalance"":""2722.06668746819986115704934297474492""},{""marketId"":""0x78f6b57d825ef01a5dc496ad1f426a6375c685047d07a30cd07ac5107ffc7976"",""supplyAPY"":""7.4378238589928400603"",""supplyBalance"":""330799.78564659458336652373982418831072"",""usdBalance"":""330799.78564659458336652373982418831072""},{""marketId"":""0x707dddc200e95dc984feb185abf1321cabec8486dca5a9a96fb5202184106e54"",""supplyAPY"":""7.54067501663875603953"",""supplyBalance"":""50477.86074309489867917920708117391876"",""usdBalance"":""50477.86074309489867917920708117391876""}]",Morpho,2026-02-09T05:36:31.000000+0000,0x53A333e51E96FE288bC9aDd7cdC4B1EAD2CD2FfA
"","",0xe5add96840f0b908ddeb3bd144c0283ac5ca7ca0,0x2573ff13d813d9481627f9168de87e6af8a32ec4bb427e9a1c3a8475a565a7eb,26800624,999,MetaMorpho,34,INFO,0xc5991e03cbdcc82ab65fe8ce96df263f238fb22c73a599ac9038e28ecb5939b4,1,"[{""marketId"":""0x1c6b87ae1b97071ef444eedcba9f5a92cfe974edbbcaa1946644fc7ab0e283af"",""supplyAPY"":""0"",""supplyBalance"":""34580.50409"",""usdBalance"":""34580.50409""},{""marketId"":""0xa24d04c3aff60d49b3475f0084334546cbf66182e788b6bf173e6f9990b2c816"",""supplyAPY"":""61.91403411319710495776"",""supplyBalance"":""0"",""usdBalance"":""0""},{""marketId"":""0xb5b575e402c7c19def8661069c39464c8bf3297b638e64d841b09a4eb2807de5"",""supplyAPY"":""0.39297867731482709808"",""supplyBalance"":""5000.00213841684842517320272875472504"",""usdBalance"":""5000.00213841684842517320272875472504""},{""marketId"":""0xebeabb17bd69d4b8ed6929a821d69478b564f4cc604d0995944c9da8b5cb3f04"",""supplyAPY"":""24.41134815578520906737"",""supplyBalance"":""0"",""usdBalance"":""0""},{""marketId"":""0x31aaa663d718e83ea15326ec110c4bcf5e123585d0b6c4d0ad61a50c4aa65b1e"",""supplyAPY"":""11.18013748250198540951"",""supplyBalance"":""94259.01734444403601768746663591839026"",""usdBalance"":""94259.01734444403601768746663591839026""},{""marketId"":""0xfbe436e9aa361487f0c3e4ff94c88aea72887a4482c6b8bcfec60a8584cdb05e"",""supplyAPY"":""6.93382467605672127326"",""supplyBalance"":""0"",""usdBalance"":""0""},{""marketId"":""0x78f6b57d825ef01a5dc496ad1f426a6375c685047d07a30cd07ac5107ffc7976"",""supplyAPY"":""7.4378238589928400603"",""supplyBalance"":""74993.24066517111554986024450829004768"",""usdBalance"":""74993.24066517111554986024450829004768""},{""marketId"":""0xace279b5c6eff0a1ce7287249369fa6f4d3d32225e1629b04ef308e0eb568fb0"",""supplyAPY"":""9.51686485408755685135"",""supplyBalance"":""64870.43523762530434248047199794353483"",""usdBalance"":""64870.43523762530434248047199794353483""},{""marketId"":""0x707dddc200e95dc984feb185abf1321cabec8486dca5a9a96fb5202184106e54"",""supplyAPY"":""7.54067501663875603953"",""supplyBalance"":""24129.20444492796544420179764168146798"",""usdBalance"":""24129.20444492796544420179764168146798""},{""marketId"":""0x09ed416b38a29e077383da5ae4200523e54e33ecff6e148c2590969a9852513f"",""supplyAPY"":""2.51251698084912296486"",""supplyBalance"":""64.6796647515685918496673107810768"",""usdBalance"":""64.6796647515685918496673107810768""},{""marketId"":""0xd5a9fba2309a0b85972a96f2cc45f9784e786d712944d8fc0b31a6d9cb4f21d3"",""supplyAPY"":""6.42394482494649781741"",""supplyBalance"":""0"",""usdBalance"":""0""},{""marketId"":""0xd2e8f6fd195556222d7a0314d4fb93fdf84ae920faaebba6dbcf584ac865e1f5"",""supplyAPY"":""6.27030281238483096974"",""supplyBalance"":""0"",""usdBalance"":""0""},{""marketId"":""0xf9f0473b23ebeb82c83078f0f0f77f27ac534c9fb227cb4366e6057b6163ffbf"",""supplyAPY"":""6.28040488543711222908"",""supplyBalance"":""0"",""usdBalance"":""0""},{""marketId"":""0x6eb4ce92dc1d89abd40f9634249ec28e8ab4e3f9bef0ab47ea784773c140d4ef"",""supplyAPY"":""5.98187724191037547174"",""supplyBalance"":""0"",""usdBalance"":""0""}]",Morpho,2026-02-09T05:36:31.000000+0000,0xe5ADd96840F0B908ddeB3Bd144C0283Ac5ca7cA0
"","",0x53a333e51e96fe288bc9add7cdc4b1ead2cd2ffa,0x2573ff13d813d9481627f9168de87e6af8a32ec4bb427e9a1c3a8475a565a7eb,26800624,999,MetaMorpho,45,INFO,0xc5991e03cbdcc82ab65fe8ce96df263f238fb22c73a599ac9038e28ecb5939b4,1,"[{""marketId"":""0x1c6b87ae1b97071ef444eedcba9f5a92cfe974edbbcaa1946644fc7ab0e283af"",""supplyAPY"":""0"",""supplyBalance"":""0"",""usdBalance"":""0""},{""marketId"":""0xb5b575e402c7c19def8661069c39464c8bf3297b638e64d841b09a4eb2807de5"",""supplyAPY"":""0.39297867731482709808"",""supplyBalance"":""20350.37128635705005920248092632821376"",""usdBalance"":""20350.37128635705005920248092632821376""},{""marketId"":""0xa62327642e110efd38ba2d153867a8625c8dc40832e1d211ba4f4151c3de9050"",""supplyAPY"":""20.19275242999398592906"",""supplyBalance"":""27059.4412246365482564999434975533934"",""usdBalance"":""27059.4412246365482564999434975533934""},{""marketId"":""0xd173e9d80aeacac486b46a9a849ecb386cec260cc7dd5be0db3505a0f9f93fb5"",""supplyAPY"":""0.05214900726359337745"",""supplyBalance"":""7.2217027566343423004910141e-7"",""usdBalance"":""7.2217027566343423004910141e-7""},{""marketId"":""0xc5526286d537c890fdd879d17d80c4a22dc7196c1e1fff0dd6c853692a759c62"",""supplyAPY"":""8.34366202291359152751"",""supplyBalance"":""2722.06668746819986115704934297474492"",""usdBalance"":""2722.06668746819986115704934297474492""},{""marketId"":""0x78f6b57d825ef01a5dc496ad1f426a6375c685047d07a30cd07ac5107ffc7976"",""supplyAPY"":""7.4378238589928400603"",""supplyBalance"":""330799.78564659458336652373982418831072"",""usdBalance"":""330799.78564659458336652373982418831072""},{""marketId"":""0x707dddc200e95dc984feb185abf1321cabec8486dca5a9a96fb5202184106e54"",""supplyAPY"":""7.54067501663875603953"",""supplyBalance"":""50477.86074309489867917920708117391876"",""usdBalance"":""50477.86074309489867917920708117391876""}]",Morpho,2026-02-09T05:36:31.000000+0000,0x53A333e51E96FE288bC9aDd7cdC4B1EAD2CD2FfA
"","",0xe5add96840f0b908ddeb3bd144c0283ac5ca7ca0,0x53707143c11501b6616314c3549be0e411fdf17a968695798622f7b11d08fa3f,26800625,999,MetaMorpho,5,INFO,0x8c22987809354d5ac9ac5ea2203980ae3229a956919e0ff4ba43f921c7b90a0d,0,"[{""marketId"":""0x1c6b87ae1b97071ef444eedcba9f5a92cfe974edbbcaa1946644fc7ab0e283af"",""supplyAPY"":""0"",""supplyBalance"":""34571.423258"",""usdBalance"":""34571.423258""},{""marketId"":""0xa24d04c3aff60d49b3475f0084334546cbf66182e788b6bf173e6f9990b2c816"",""supplyAPY"":""61.91403411319710495776"",""supplyBalance"":""0"",""usdBalance"":""0""},{""marketId"":""0xb5b575e402c7c19def8661069c39464c8bf3297b638e64d841b09a4eb2807de5"",""supplyAPY"":""0.39297867731482709808"",""supplyBalance"":""5000.00213841684842517320272875472504"",""usdBalance"":""5000.00213841684842517320272875472504""},{""marketId"":""0xebeabb17bd69d4b8ed6929a821d69478b564f4cc604d0995944c9da8b5cb3f04"",""supplyAPY"":""24.41134815578520906737"",""supplyBalance"":""0"",""usdBalance"":""0""},{""marketId"":""0x31aaa663d718e83ea15326ec110c4bcf5e123585d0b6c4d0ad61a50c4aa65b1e"",""supplyAPY"":""11.18013748250198540951"",""supplyBalance"":""94259.01734444403601768746663591839026"",""usdBalance"":""94259.01734444403601768746663591839026""},{""marketId"":""0xfbe436e9aa361487f0c3e4ff94c88aea72887a4482c6b8bcfec60a8584cdb05e"",""supplyAPY"":""6.93382467605672127326"",""supplyBalance"":""0"",""usdBalance"":""0""},{""marketId"":""0x78f6b57d825ef01a5dc496ad1f426a6375c685047d07a30cd07ac5107ffc7976"",""supplyAPY"":""7.4378238589928400603"",""supplyBalance"":""74993.24066517111554986024450829004768"",""usdBalance"":""74993.24066517111554986024450829004768""},{""marketId"":""0xace279b5c6eff0a1ce7287249369fa6f4d3d32225e1629b04ef308e0eb568fb0"",""supplyAPY"":""9.51686485408755685135"",""supplyBalance"":""64870.43523762530434248047199794353483"",""usdBalance"":""64870.43523762530434248047199794353483""},{""marketId"":""0x707dddc200e95dc984feb185abf1321cabec8486dca5a9a96fb5202184106e54"",""supplyAPY"":""7.54067501663875603953"",""supplyBalance"":""24129.20444492796544420179764168146798"",""usdBalance"":""24129.20444492796544420179764168146798""},{""marketId"":""0x09ed416b38a29e077383da5ae4200523e54e33ecff6e148c2590969a9852513f"",""supplyAPY"":""2.51251698084912296486"",""supplyBalance"":""64.6796647515685918496673107810768"",""usdBalance"":""64.6796647515685918496673107810768""},{""marketId"":""0xd5a9fba2309a0b85972a96f2cc45f9784e786d712944d8fc0b31a6d9cb4f21d3"",""supplyAPY"":""6.42394482494649781741"",""supplyBalance"":""0"",""usdBalance"":""0""},{""marketId"":""0xd2e8f6fd195556222d7a0314d4fb93fdf84ae920faaebba6dbcf584ac865e1f5"",""supplyAPY"":""6.27030281238483096974"",""supplyBalance"":""0"",""usdBalance"":""0""},{""marketId"":""0xf9f0473b23ebeb82c83078f0f0f77f27ac534c9fb227cb4366e6057b6163ffbf"",""supplyAPY"":""6.28040488543711222908"",""supplyBalance"":""0"",""usdBalance"":""0""},{""marketId"":""0x6eb4ce92dc1d89abd40f9634249ec28e8ab4e3f9bef0ab47ea784773c140d4ef"",""supplyAPY"":""5.98187724191037547174"",""supplyBalance"":""0"",""usdBalance"":""0""}]",Morpho,2026-02-09T05:36:32.000000+0000,0xe5ADd96840F0B908ddeB3Bd144C0283Ac5ca7cA0
"","",0x53a333e51e96fe288bc9add7cdc4b1ead2cd2ffa,0x53707143c11501b6616314c3549be0e411fdf17a968695798622f7b11d08fa3f,26800625,999,MetaMorpho,17,INFO,0x8c22987809354d5ac9ac5ea2203980ae3229a956919e0ff4ba43f921c7b90a0d,0,"[{""marketId"":""0x1c6b87ae1b97071ef444eedcba9f5a92cfe974edbbcaa1946644fc7ab0e283af"",""supplyAPY"":""0"",""supplyBalance"":""0"",""usdBalance"":""0""},{""marketId"":""0xb5b575e402c7c19def8661069c39464c8bf3297b638e64d841b09a4eb2807de5"",""supplyAPY"":""0.39297867731482709808"",""supplyBalance"":""20359.452109356007945145826585733671"",""usdBalance"":""20359.452109356007945145826585733671""},{""marketId"":""0xa62327642e110efd38ba2d153867a8625c8dc40832e1d211ba4f4151c3de9050"",""supplyAPY"":""20.19275242999398592906"",""supplyBalance"":""27059.4412246365482564999434975533934"",""usdBalance"":""27059.4412246365482564999434975533934""},{""marketId"":""0xd173e9d80aeacac486b46a9a849ecb386cec260cc7dd5be0db3505a0f9f93fb5"",""supplyAPY"":""0.05214900726359337745"",""supplyBalance"":""7.2217027566343423004910141e-7"",""usdBalance"":""7.2217027566343423004910141e-7""},{""marketId"":""0xc5526286d537c890fdd879d17d80c4a22dc7196c1e1fff0dd6c853692a759c62"",""supplyAPY"":""8.34366202291359152751"",""supplyBalance"":""2722.06668746819986115704934297474492"",""usdBalance"":""2722.06668746819986115704934297474492""},{""marketId"":""0x78f6b57d825ef01a5dc496ad1f426a6375c685047d07a30cd07ac5107ffc7976"",""supplyAPY"":""7.4378238589928400603"",""supplyBalance"":""330799.78564659458336652373982418831072"",""usdBalance"":""330799.78564659458336652373982418831072""},{""marketId"":""0x707dddc200e95dc984feb185abf1321cabec8486dca5a9a96fb5202184106e54"",""supplyAPY"":""7.54067501663875603953"",""supplyBalance"":""50477.86074309489867917920708117391876"",""usdBalance"":""50477.86074309489867917920708117391876""}]",Morpho,2026-02-09T05:36:32.000000+0000,0x53A333e51E96FE288bC9aDd7cdC4B1EAD2CD2FfA
"","",0xe5add96840f0b908ddeb3bd144c0283ac5ca7ca0,0x53707143c11501b6616314c3549be0e411fdf17a968695798622f7b11d08fa3f,26800625,999,MetaMorpho,34,INFO,0x0bfb9159c1981446d8c010c7a489fb928f698846ef8e934cdc9143040b8571f9,1,"[{""marketId"":""0x1c6b87ae1b97071ef444eedcba9f5a92cfe974edbbcaa1946644fc7ab0e283af"",""supplyAPY"":""0"",""supplyBalance"":""34571.423258"",""usdBalance"":""34571.423258""},{""marketId"":""0xa24d04c3aff60d49b3475f0084334546cbf66182e788b6bf173e6f9990b2c816"",""supplyAPY"":""61.91403411319710495776"",""supplyBalance"":""0"",""usdBalance"":""0""},{""marketId"":""0xb5b575e402c7c19def8661069c39464c8bf3297b638e64d841b09a4eb2807de5"",""supplyAPY"":""0.3926001002335422512"",""supplyBalance"":""5000.00213900066369392190994457937044"",""usdBalance"":""5000.00213900066369392190994457937044""},{""marketId"":""0xebeabb17bd69d4b8ed6929a821d69478b564f4cc604d0995944c9da8b5cb3f04"",""supplyAPY"":""24.41134815578520906737"",""supplyBalance"":""0"",""usdBalance"":""0""},{""marketId"":""0x31aaa663d718e83ea15326ec110c4bcf5e123585d0b6c4d0ad61a50c4aa65b1e"",""supplyAPY"":""11.18013748250198540951"",""supplyBalance"":""94259.01734444403601768746663591839026"",""usdBalance"":""94259.01734444403601768746663591839026""},{""marketId"":""0xfbe436e9aa361487f0c3e4ff94c88aea72887a4482c6b8bcfec60a8584cdb05e"",""supplyAPY"":""6.93382467605672127326"",""supplyBalance"":""0"",""usdBalance"":""0""},{""marketId"":""0x78f6b57d825ef01a5dc496ad1f426a6375c685047d07a30cd07ac5107ffc7976"",""supplyAPY"":""7.4378238589928400603"",""supplyBalance"":""74993.24066517111554986024450829004768"",""usdBalance"":""74993.24066517111554986024450829004768""},{""marketId"":""0xace279b5c6eff0a1ce7287249369fa6f4d3d32225e1629b04ef308e0eb568fb0"",""supplyAPY"":""9.51686485408755685135"",""supplyBalance"":""64870.43523762530434248047199794353483"",""usdBalance"":""64870.43523762530434248047199794353483""},{""marketId"":""0x707dddc200e95dc984feb185abf1321cabec8486dca5a9a96fb5202184106e54"",""supplyAPY"":""7.54067501663875603953"",""supplyBalance"":""24129.20444492796544420179764168146798"",""usdBalance"":""24129.20444492796544420179764168146798""},{""marketId"":""0x09ed416b38a29e077383da5ae4200523e54e33ecff6e148c2590969a9852513f"",""supplyAPY"":""2.51251698084912296486"",""supplyBalance"":""64.6796647515685918496673107810768"",""usdBalance"":""64.6796647515685918496673107810768""},{""marketId"":""0xd5a9fba2309a0b85972a96f2cc45f9784e786d712944d8fc0b31a6d9cb4f21d3"",""supplyAPY"":""6.42394482494649781741"",""supplyBalance"":""0"",""usdBalance"":""0""},{""marketId"":""0xd2e8f6fd195556222d7a0314d4fb93fdf84ae920faaebba6dbcf584ac865e1f5"",""supplyAPY"":""6.27030281238483096974"",""supplyBalance"":""0"",""usdBalance"":""0""},{""marketId"":""0xf9f0473b23ebeb82c83078f0f0f77f27ac534c9fb227cb4366e6057b6163ffbf"",""supplyAPY"":""6.28040488543711222908"",""supplyBalance"":""0"",""usdBalance"":""0""},{""marketId"":""0x6eb4ce92dc1d89abd40f9634249ec28e8ab4e3f9bef0ab47ea784773c140d4ef"",""supplyAPY"":""5.98187724191037547174"",""supplyBalance"":""0"",""usdBalance"":""0""}]",Morpho,2026-02-09T05:36:32.000000+0000,0xe5ADd96840F0B908ddeB3Bd144C0283Ac5ca7cA0
"","",0x53a333e51e96fe288bc9add7cdc4b1ead2cd2ffa,0x53707143c11501b6616314c3549be0e411fdf17a968695798622f7b11d08fa3f,26800625,999,MetaMorpho,44,INFO,0x0bfb9159c1981446d8c010c7a489fb928f698846ef8e934cdc9143040b8571f9,1,"[{""marketId"":""0x1c6b87ae1b97071ef444eedcba9f5a92cfe974edbbcaa1946644fc7ab0e283af"",""supplyAPY"":""0"",""supplyBalance"":""0"",""usdBalance"":""0""},{""marketId"":""0xb5b575e402c7c19def8661069c39464c8bf3297b638e64d841b09a4eb2807de5"",""supplyAPY"":""0.3926001002335422512"",""supplyBalance"":""20359.4521117332387294037766133793185"",""usdBalance"":""20359.4521117332387294037766133793185""},{""marketId"":""0xa62327642e110efd38ba2d153867a8625c8dc40832e1d211ba4f4151c3de9050"",""supplyAPY"":""20.19275242999398592906"",""supplyBalance"":""27059.4412246365482564999434975533934"",""usdBalance"":""27059.4412246365482564999434975533934""},{""marketId"":""0xd173e9d80aeacac486b46a9a849ecb386cec260cc7dd5be0db3505a0f9f93fb5"",""supplyAPY"":""0.05214900726359337745"",""supplyBalance"":""7.2217027566343423004910141e-7"",""usdBalance"":""7.2217027566343423004910141e-7""},{""marketId"":""0xc5526286d537c890fdd879d17d80c4a22dc7196c1e1fff0dd6c853692a759c62"",""supplyAPY"":""8.34366202291359152751"",""supplyBalance"":""2722.06668746819986115704934297474492"",""usdBalance"":""2722.06668746819986115704934297474492""},{""marketId"":""0x78f6b57d825ef01a5dc496ad1f426a6375c685047d07a30cd07ac5107ffc7976"",""supplyAPY"":""7.4378238589928400603"",""supplyBalance"":""330799.78564659458336652373982418831072"",""usdBalance"":""330799.78564659458336652373982418831072""},{""marketId"":""0x707dddc200e95dc984feb185abf1321cabec8486dca5a9a96fb5202184106e54"",""supplyAPY"":""7.54067501663875603953"",""supplyBalance"":""50477.86074309489867917920708117391876"",""usdBalance"":""50477.86074309489867917920708117391876""}]",Morpho,2026-02-09T05:36:32.000000+0000,0x53A333e51E96FE288bC9aDd7cdC4B1EAD2CD2FfA
"","",0x9c59a9389d8f72de2cdaf1126f36ea4790e2275e,0xb627f0fedc568c6e04259f72b0b08d82e121f2c84b3242bc5781e8d5885999ee,26800654,999,MetaMorpho,8,INFO,0x3fa6b3b975e47f561a72dabfe0aaa3545420f1a5cf3a234899a2144ce3c52379,1,"[{""marketId"":""0xe0a1de770a9a72a083087fe1745c998426aaea984ddf155ea3d5fbba5b759713"",""supplyAPY"":""4.8953583728269e-7"",""supplyBalance"":""1.068332341627909425248428e-7"",""usdBalance"":""1.068332341627909425248428e-7""},{""marketId"":""0xa666cc1147beda1aa50fae4b40cb4c37a51230e84e80dcd31233487060913a8d"",""supplyAPY"":""0"",""supplyBalance"":""0"",""usdBalance"":""0""},{""marketId"":""0x96c7abf76aed53d50b2cc84e2ed17846e0d1c4cc28236d95b6eb3b12dcc86909"",""supplyAPY"":""34.5901389137899149436"",""supplyBalance"":""3065.77220276729309811861465223326182"",""usdBalance"":""3065.77220276729309811861465223326182""},{""marketId"":""0x87272614b7a2022c31ddd7bba8eb21d5ab40a6bcbea671264d59dc732053721d"",""supplyAPY"":""13.34819311264853838635"",""supplyBalance"":""254222.8484493543402469806659899800823"",""usdBalance"":""254222.8484493543402469806659899800823""},{""marketId"":""0x1f79fe1822f6bfe7a70f8e7e5e768efd0c3f10db52af97c2f14e4b71e3130e70"",""supplyAPY"":""0.10066196587588119767"",""supplyBalance"":""216227.3671307843722398984352063796224"",""usdBalance"":""216227.3671307843722398984352063796224""},{""marketId"":""0xc0a3063a0a7755b7d58642e9a6d3be1c05bc974665ef7d3b158784348d4e17c5"",""supplyAPY"":""9.43156757814886150725"",""supplyBalance"":""72816.87981758400235326489925397715252"",""usdBalance"":""72816.87981758400235326489925397715252""}]",Morpho,2026-02-09T05:37:00.000000+0000,0x9c59a9389D8f72DE2CdAf1126F36EA4790E2275e
"","",0x9c59a9389d8f72de2cdaf1126f36ea4790e2275e,0xb627f0fedc568c6e04259f72b0b08d82e121f2c84b3242bc5781e8d5885999ee,26800654,999,MetaMorpho,19,INFO,0x3fa6b3b975e47f561a72dabfe0aaa3545420f1a5cf3a234899a2144ce3c52379,1,"[{""marketId"":""0xe0a1de770a9a72a083087fe1745c998426aaea984ddf155ea3d5fbba5b759713"",""supplyAPY"":""4.8953583728269e-7"",""supplyBalance"":""1.068332341627909425248428e-7"",""usdBalance"":""1.068332341627909425248428e-7""},{""marketId"":""0xa666cc1147beda1aa50fae4b40cb4c37a51230e84e80dcd31233487060913a8d"",""supplyAPY"":""0"",""supplyBalance"":""0"",""usdBalance"":""0""},{""marketId"":""0x96c7abf76aed53d50b2cc84e2ed17846e0d1c4cc28236d95b6eb3b12dcc86909"",""supplyAPY"":""34.5901389137899149436"",""supplyBalance"":""3065.77220276729309811861465223326182"",""usdBalance"":""3065.77220276729309811861465223326182""},{""marketId"":""0x87272614b7a2022c31ddd7bba8eb21d5ab40a6bcbea671264d59dc732053721d"",""supplyAPY"":""13.34819311264853838635"",""supplyBalance"":""254222.8484493543402469806659899800823"",""usdBalance"":""254222.8484493543402469806659899800823""},{""marketId"":""0x1f79fe1822f6bfe7a70f8e7e5e768efd0c3f10db52af97c2f14e4b71e3130e70"",""supplyAPY"":""0.10057413873692824028"",""supplyBalance"":""216227.3720423608076880504988813972224"",""usdBalance"":""216227.3720423608076880504988813972224""},{""marketId"":""0xc0a3063a0a7755b7d58642e9a6d3be1c05bc974665ef7d3b158784348d4e17c5"",""supplyAPY"":""9.43156757814886150725"",""supplyBalance"":""72816.87981758400235326489925397715252"",""usdBalance"":""72816.87981758400235326489925397715252""}]",Morpho,2026-02-09T05:37:00.000000+0000,0x9c59a9389D8f72DE2CdAf1126F36EA4790E2275e
"","",0xe5add96840f0b908ddeb3bd144c0283ac5ca7ca0,0x58e90ff7ffcc59240629af46272cd069aa31b1e77fd1b5ad472d781c54e39b3a,26800657,999,MetaMorpho,5,INFO,0x7d969305fb41db965fbc8038c48928315781fed8ba1fed574aa5c24506388627,0,"[{""marketId"":""0x1c6b87ae1b97071ef444eedcba9f5a92cfe974edbbcaa1946644fc7ab0e283af"",""supplyAPY"":""0"",""supplyBalance"":""0"",""usdBalance"":""0""},{""marketId"":""0xa24d04c3aff60d49b3475f0084334546cbf66182e788b6bf173e6f9990b2c816"",""supplyAPY"":""61.4208350136044113059"",""supplyBalance"":""0"",""usdBalance"":""0""},{""marketId"":""0xb5b575e402c7c19def8661069c39464c8bf3297b638e64d841b09a4eb2807de5"",""supplyAPY"":""15.71351818592856620171"",""supplyBalance"":""8567.39802575841482800041150064171315"",""usdBalance"":""8567.39802575841482800041150064171315""},{""marketId"":""0xebeabb17bd69d4b8ed6929a821d69478b564f4cc604d0995944c9da8b5cb3f04"",""supplyAPY"":""24.41158593008055608615"",""supplyBalance"":""0"",""usdBalance"":""0""},{""marketId"":""0x31aaa663d718e83ea15326ec110c4bcf5e123585d0b6c4d0ad61a50c4aa65b1e"",""supplyAPY"":""11.47668973294171048609"",""supplyBalance"":""94258.99835730269227175870774882311854"",""usdBalance"":""94258.99835730269227175870774882311854""},{""marketId"":""0xfbe436e9aa361487f0c3e4ff94c88aea72887a4482c6b8bcfec60a8584cdb05e"",""supplyAPY"":""6.93382467605672127326"",""supplyBalance"":""4999.99872306999558465759127617438752"",""usdBalance"":""4999.99872306999558465759127617438752""},{""marketId"":""0x78f6b57d825ef01a5dc496ad1f426a6375c685047d07a30cd07ac5107ffc7976"",""supplyAPY"":""8.46696168481598321421"",""supplyBalance"":""91554.48230186064484055327746020932192"",""usdBalance"":""91554.48230186064484055327746020932192""},{""marketId"":""0xace279b5c6eff0a1ce7287249369fa6f4d3d32225e1629b04ef308e0eb568fb0"",""supplyAPY"":""9.51686485408755685135"",""supplyBalance"":""73335.45631998316762492286358830754148"",""usdBalance"":""73335.45631998316762492286358830754148""},{""marketId"":""0x707dddc200e95dc984feb185abf1321cabec8486dca5a9a96fb5202184106e54"",""supplyAPY"":""7.34054586426116129604"",""supplyBalance"":""25000.0000000249436064358584522485904"",""usdBalance"":""25000.0000000249436064358584522485904""},{""marketId"":""0x09ed416b38a29e077383da5ae4200523e54e33ecff6e148c2590969a9852513f"",""supplyAPY"":""2.51251698084912296486"",""supplyBalance"":""64.6796647515685918496673107810768"",""usdBalance"":""64.6796647515685918496673107810768""},{""marketId"":""0xd5a9fba2309a0b85972a96f2cc45f9784e786d712944d8fc0b31a6d9cb4f21d3"",""supplyAPY"":""6.33398966877634228051"",""supplyBalance"":""0"",""usdBalance"":""0""},{""marketId"":""0xd2e8f6fd195556222d7a0314d4fb93fdf84ae920faaebba6dbcf584ac865e1f5"",""supplyAPY"":""6.27394761154607099408"",""supplyBalance"":""0"",""usdBalance"":""0""},{""marketId"":""0xf9f0473b23ebeb82c83078f0f0f77f27ac534c9fb227cb4366e6057b6163ffbf"",""supplyAPY"":""5.53084004514693187701"",""supplyBalance"":""0"",""usdBalance"":""0""},{""marketId"":""0x6eb4ce92dc1d89abd40f9634249ec28e8ab4e3f9bef0ab47ea784773c140d4ef"",""supplyAPY"":""6.2770112768610620535"",""supplyBalance"":""0"",""usdBalance"":""0""}]",Morpho,2026-02-09T05:37:03.000000+0000,0xe5ADd96840F0B908ddeB3Bd144C0283Ac5ca7cA0
"","",0x53a333e51e96fe288bc9add7cdc4b1ead2cd2ffa,0x58e90ff7ffcc59240629af46272cd069aa31b1e77fd1b5ad472d781c54e39b3a,26800657,999,MetaMorpho,21,INFO,0x7d969305fb41db965fbc8038c48928315781fed8ba1fed574aa5c24506388627,0,"[{""marketId"":""0x1c6b87ae1b97071ef444eedcba9f5a92cfe974edbbcaa1946644fc7ab0e283af"",""supplyAPY"":""0"",""supplyBalance"":""0"",""usdBalance"":""0""},{""marketId"":""0xb5b575e402c7c19def8661069c39464c8bf3297b638e64d841b09a4eb2807de5"",""supplyAPY"":""0.3242503262318620411"",""supplyBalance"":""20472.24688846435877050731858158488716"",""usdBalance"":""20472.24688846435877050731858158488716""},{""marketId"":""0xa62327642e110efd38ba2d153867a8625c8dc40832e1d211ba4f4151c3de9050"",""supplyAPY"":""7.86404541868081482333"",""supplyBalance"":""27059.43269343475341701622446991941288"",""usdBalance"":""27059.43269343475341701622446991941288""},{""marketId"":""0xd173e9d80aeacac486b46a9a849ecb386cec260cc7dd5be0db3505a0f9f93fb5"",""supplyAPY"":""0.05214900726359337745"",""supplyBalance"":""7.2217027566343423004910141e-7"",""usdBalance"":""7.2217027566343423004910141e-7""},{""marketId"":""0xc5526286d537c890fdd879d17d80c4a22dc7196c1e1fff0dd6c853692a759c62"",""supplyAPY"":""8.34366202291359152751"",""supplyBalance"":""2722.06668746819986115704934297474492"",""usdBalance"":""2722.06668746819986115704934297474492""},{""marketId"":""0x78f6b57d825ef01a5dc496ad1f426a6375c685047d07a30cd07ac5107ffc7976"",""supplyAPY"":""8.46696168481598321421"",""supplyBalance"":""330830.07534047097016917189263133857824"",""usdBalance"":""330830.07534047097016917189263133857824""},{""marketId"":""0x707dddc200e95dc984feb185abf1321cabec8486dca5a9a96fb5202184106e54"",""supplyAPY"":""7.34054586426116129604"",""supplyBalance"":""50477.87409641865212145094190812252512"",""usdBalance"":""50477.87409641865212145094190812252512""}]",Morpho,2026-02-09T05:37:03.000000+0000,0x53A333e51E96FE288bC9aDd7cdC4B1EAD2CD2FfA
"","",0xe5add96840f0b908ddeb3bd144c0283ac5ca7ca0,0x58e90ff7ffcc59240629af46272cd069aa31b1e77fd1b5ad472d781c54e39b3a,26800657,999,MetaMorpho,36,INFO,0xe5cc7efeb67d7405095526dc12b845f4d45d1d89cfaacec665a2ab51e8624b63,1,"[{""marketId"":""0x1c6b87ae1b97071ef444eedcba9f5a92cfe974edbbcaa1946644fc7ab0e283af"",""supplyAPY"":""0"",""supplyBalance"":""0"",""usdBalance"":""0""},{""marketId"":""0xa24d04c3aff60d49b3475f0084334546cbf66182e788b6bf173e6f9990b2c816"",""supplyAPY"":""61.87771809705744885529"",""supplyBalance"":""0"",""usdBalance"":""0""},{""marketId"":""0xb5b575e402c7c19def8661069c39464c8bf3297b638e64d841b09a4eb2807de5"",""supplyAPY"":""0.3242503262318620411"",""supplyBalance"":""8567.40342097857336858096602387356148"",""usdBalance"":""8567.40342097857336858096602387356148""},{""marketId"":""0xebeabb17bd69d4b8ed6929a821d69478b564f4cc604d0995944c9da8b5cb3f04"",""supplyAPY"":""24.41158593008055608615"",""supplyBalance"":""0"",""usdBalance"":""0""},{""marketId"":""0x31aaa663d718e83ea15326ec110c4bcf5e123585d0b6c4d0ad61a50c4aa65b1e"",""supplyAPY"":""11.47668973294171048609"",""supplyBalance"":""94258.99835730269227175870774882311854"",""usdBalance"":""94258.99835730269227175870774882311854""},{""marketId"":""0xfbe436e9aa361487f0c3e4ff94c88aea72887a4482c6b8bcfec60a8584cdb05e"",""supplyAPY"":""6.93382467605672127326"",""supplyBalance"":""4999.99872306999558465759127617438752"",""usdBalance"":""4999.99872306999558465759127617438752""},{""marketId"":""0x78f6b57d825ef01a5dc496ad1f426a6375c685047d07a30cd07ac5107ffc7976"",""supplyAPY"":""8.46696168481598321421"",""supplyBalance"":""91554.48230186064484055327746020932192"",""usdBalance"":""91554.48230186064484055327746020932192""},{""marketId"":""0xace279b5c6eff0a1ce7287249369fa6f4d3d32225e1629b04ef308e0eb568fb0"",""supplyAPY"":""9.51686485408755685135"",""supplyBalance"":""73335.45631998316762492286358830754148"",""usdBalance"":""73335.45631998316762492286358830754148""},{""marketId"":""0x707dddc200e95dc984feb185abf1321cabec8486dca5a9a96fb5202184106e54"",""supplyAPY"":""7.34054586426116129604"",""supplyBalance"":""25000.0000000249436064358584522485904"",""usdBalance"":""25000.0000000249436064358584522485904""},{""marketId"":""0x09ed416b38a29e077383da5ae4200523e54e33ecff6e148c2590969a9852513f"",""supplyAPY"":""2.51251698084912296486"",""supplyBalance"":""64.6796647515685918496673107810768"",""usdBalance"":""64.6796647515685918496673107810768""},{""marketId"":""0xd5a9fba2309a0b85972a96f2cc45f9784e786d712944d8fc0b31a6d9cb4f21d3"",""supplyAPY"":""6.33398966877634228051"",""supplyBalance"":""0"",""usdBalance"":""0""},{""marketId"":""0xd2e8f6fd195556222d7a0314d4fb93fdf84ae920faaebba6dbcf584ac865e1f5"",""supplyAPY"":""6.27394761154607099408"",""supplyBalance"":""0"",""usdBalance"":""0""},{""marketId"":""0xf9f0473b23ebeb82c83078f0f0f77f27ac534c9fb227cb4366e6057b6163ffbf"",""supplyAPY"":""5.53084004514693187701"",""supplyBalance"":""0"",""usdBalance"":""0""},{""marketId"":""0x6eb4ce92dc1d89abd40f9634249ec28e8ab4e3f9bef0ab47ea784773c140d4ef"",""supplyAPY"":""6.2770112768610620535"",""supplyBalance"":""0"",""usdBalance"":""0""}]",Morpho,2026-02-09T05:37:03.000000+0000,0xe5ADd96840F0B908ddeB3Bd144C0283Ac5ca7cA0
"","",0x53a333e51e96fe288bc9add7cdc4b1ead2cd2ffa,0x58e90ff7ffcc59240629af46272cd069aa31b1e77fd1b5ad472d781c54e39b3a,26800657,999,MetaMorpho,47,INFO,0xe5cc7efeb67d7405095526dc12b845f4d45d1d89cfaacec665a2ab51e8624b63,1,"[{""marketId"":""0x1c6b87ae1b97071ef444eedcba9f5a92cfe974edbbcaa1946644fc7ab0e283af"",""supplyAPY"":""0"",""supplyBalance"":""0"",""usdBalance"":""0""},{""marketId"":""0xb5b575e402c7c19def8661069c39464c8bf3297b638e64d841b09a4eb2807de5"",""supplyAPY"":""0.3242503262318620411"",""supplyBalance"":""20472.24688846435877050731858158488716"",""usdBalance"":""20472.24688846435877050731858158488716""},{""marketId"":""0xa62327642e110efd38ba2d153867a8625c8dc40832e1d211ba4f4151c3de9050"",""supplyAPY"":""7.86404541868081482333"",""supplyBalance"":""27059.43269343475341701622446991941288"",""usdBalance"":""27059.43269343475341701622446991941288""},{""marketId"":""0xd173e9d80aeacac486b46a9a849ecb386cec260cc7dd5be0db3505a0f9f93fb5"",""supplyAPY"":""0.05214900726359337745"",""supplyBalance"":""7.2217027566343423004910141e-7"",""usdBalance"":""7.2217027566343423004910141e-7""},{""marketId"":""0xc5526286d537c890fdd879d17d80c4a22dc7196c1e1fff0dd6c853692a759c62"",""supplyAPY"":""8.34366202291359152751"",""supplyBalance"":""2722.06668746819986115704934297474492"",""usdBalance"":""2722.06668746819986115704934297474492""},{""marketId"":""0x78f6b57d825ef01a5dc496ad1f426a6375c685047d07a30cd07ac5107ffc7976"",""supplyAPY"":""8.46696168481598321421"",""supplyBalance"":""330830.07534047097016917189263133857824"",""usdBalance"":""330830.07534047097016917189263133857824""},{""marketId"":""0x707dddc200e95dc984feb185abf1321cabec8486dca5a9a96fb5202184106e54"",""supplyAPY"":""7.34054586426116129604"",""supplyBalance"":""50477.87409641865212145094190812252512"",""usdBalance"":""50477.87409641865212145094190812252512""}]",Morpho,2026-02-09T05:37:03.000000+0000,0x53A333e51E96FE288bC9aDd7cdC4B1EAD2CD2FfA
"","",0xe5add96840f0b908ddeb3bd144c0283ac5ca7ca0,0xfcf634a323e2caafcd2ae4eefab17cd26f2f2e3298ca3f872e210955202301b4,26800665,999,MetaMorpho,5,INFO,0x7e4ed3998e0a6385124b638d91b746b91b8c8e1a37dcd86ea901c2d6378ac17f,0,"[{""marketId"":""0x1c6b87ae1b97071ef444eedcba9f5a92cfe974edbbcaa1946644fc7ab0e283af"",""supplyAPY"":""0"",""supplyBalance"":""0"",""usdBalance"":""0""},{""marketId"":""0xa24d04c3aff60d49b3475f0084334546cbf66182e788b6bf173e6f9990b2c816"",""supplyAPY"":""61.87771809705744885529"",""supplyBalance"":""0"",""usdBalance"":""0""},{""marketId"":""0xb5b575e402c7c19def8661069c39464c8bf3297b638e64d841b09a4eb2807de5"",""supplyAPY"":""0.3242503262318620411"",""supplyBalance"":""3534.9797300798846807708922608682164"",""usdBalance"":""3534.9797300798846807708922608682164""},{""marketId"":""0xebeabb17bd69d4b8ed6929a821d69478b564f4cc604d0995944c9da8b5cb3f04"",""supplyAPY"":""24.41158593008055608615"",""supplyBalance"":""0"",""usdBalance"":""0""},{""marketId"":""0x31aaa663d718e83ea15326ec110c4bcf5e123585d0b6c4d0ad61a50c4aa65b1e"",""supplyAPY"":""11.47668973294171048609"",""supplyBalance"":""94258.99835730269227175870774882311854"",""usdBalance"":""94258.99835730269227175870774882311854""},{""marketId"":""0xfbe436e9aa361487f0c3e4ff94c88aea72887a4482c6b8bcfec60a8584cdb05e"",""supplyAPY"":""6.93382467605672127326"",""supplyBalance"":""4999.99872306999558465759127617438752"",""usdBalance"":""4999.99872306999558465759127617438752""},{""marketId"":""0x78f6b57d825ef01a5dc496ad1f426a6375c685047d07a30cd07ac5107ffc7976"",""supplyAPY"":""8.46696168481598321421"",""supplyBalance"":""91554.48230186064484055327746020932192"",""usdBalance"":""91554.48230186064484055327746020932192""},{""marketId"":""0xace279b5c6eff0a1ce7287249369fa6f4d3d32225e1629b04ef308e0eb568fb0"",""supplyAPY"":""9.51686485408755685135"",""supplyBalance"":""73335.45631998316762492286358830754148"",""usdBalance"":""73335.45631998316762492286358830754148""},{""marketId"":""0x707dddc200e95dc984feb185abf1321cabec8486dca5a9a96fb5202184106e54"",""supplyAPY"":""7.34054586426116129604"",""supplyBalance"":""25000.0000000249436064358584522485904"",""usdBalance"":""25000.0000000249436064358584522485904""},{""marketId"":""0x09ed416b38a29e077383da5ae4200523e54e33ecff6e148c2590969a9852513f"",""supplyAPY"":""2.51251698084912296486"",""supplyBalance"":""64.6796647515685918496673107810768"",""usdBalance"":""64.6796647515685918496673107810768""},{""marketId"":""0xd5a9fba2309a0b85972a96f2cc45f9784e786d712944d8fc0b31a6d9cb4f21d3"",""supplyAPY"":""6.33398966877634228051"",""supplyBalance"":""0"",""usdBalance"":""0""},{""marketId"":""0xd2e8f6fd195556222d7a0314d4fb93fdf84ae920faaebba6dbcf584ac865e1f5"",""supplyAPY"":""6.27394761154607099408"",""supplyBalance"":""0"",""usdBalance"":""0""},{""marketId"":""0xf9f0473b23ebeb82c83078f0f0f77f27ac534c9fb227cb4366e6057b6163ffbf"",""supplyAPY"":""5.53084004514693187701"",""supplyBalance"":""0"",""usdBalance"":""0""},{""marketId"":""0x6eb4ce92dc1d89abd40f9634249ec28e8ab4e3f9bef0ab47ea784773c140d4ef"",""supplyAPY"":""6.2770112768610620535"",""supplyBalance"":""0"",""usdBalance"":""0""}]",Morpho,2026-02-09T05:37:11.000000+0000,0xe5ADd96840F0B908ddeB3Bd144C0283Ac5ca7cA0
"","",0x53a333e51e96fe288bc9add7cdc4b1ead2cd2ffa,0xfcf634a323e2caafcd2ae4eefab17cd26f2f2e3298ca3f872e210955202301b4,26800665,999,MetaMorpho,21,INFO,0x7e4ed3998e0a6385124b638d91b746b91b8c8e1a37dcd86ea901c2d6378ac17f,0,"[{""marketId"":""0x1c6b87ae1b97071ef444eedcba9f5a92cfe974edbbcaa1946644fc7ab0e283af"",""supplyAPY"":""0"",""supplyBalance"":""0"",""usdBalance"":""0""},{""marketId"":""0xb5b575e402c7c19def8661069c39464c8bf3297b638e64d841b09a4eb2807de5"",""supplyAPY"":""0.32424818812122847601"",""supplyBalance"":""25504.66556819580609448658024102694696"",""usdBalance"":""25504.66556819580609448658024102694696""},{""marketId"":""0xa62327642e110efd38ba2d153867a8625c8dc40832e1d211ba4f4151c3de9050"",""supplyAPY"":""7.86404541868081482333"",""supplyBalance"":""27059.43269343475341701622446991941288"",""usdBalance"":""27059.43269343475341701622446991941288""},{""marketId"":""0xd173e9d80aeacac486b46a9a849ecb386cec260cc7dd5be0db3505a0f9f93fb5"",""supplyAPY"":""0.05214900726359337745"",""supplyBalance"":""7.2217027566343423004910141e-7"",""usdBalance"":""7.2217027566343423004910141e-7""},{""marketId"":""0xc5526286d537c890fdd879d17d80c4a22dc7196c1e1fff0dd6c853692a759c62"",""supplyAPY"":""8.34366202291359152751"",""supplyBalance"":""2722.06668746819986115704934297474492"",""usdBalance"":""2722.06668746819986115704934297474492""},{""marketId"":""0x78f6b57d825ef01a5dc496ad1f426a6375c685047d07a30cd07ac5107ffc7976"",""supplyAPY"":""8.46696168481598321421"",""supplyBalance"":""330830.07534047097016917189263133857824"",""usdBalance"":""330830.07534047097016917189263133857824""},{""marketId"":""0x707dddc200e95dc984feb185abf1321cabec8486dca5a9a96fb5202184106e54"",""supplyAPY"":""7.34054586426116129604"",""supplyBalance"":""50477.87409641865212145094190812252512"",""usdBalance"":""50477.87409641865212145094190812252512""}]",Morpho,2026-02-09T05:37:11.000000+0000,0x53A333e51E96FE288bC9aDd7cdC4B1EAD2CD2FfA
"","",0x08c00f8279dff5b0cb5a04d349e7d79708ceadf3,0x42f385ffb50ad2048988b2d2fbc160913b517f1e02de1c78be684496e3534a07,26800715,999,MetaMorpho,7,INFO,0x9e0bc1d061b96bfe4081ac48623652393cc353899a6dd23a24f212f577bd2733,0,"[{""marketId"":""0x725d0f4c005c0a521ea5005bb4730845ff0d4cc76b40a618103b103cddd1f951"",""supplyAPY"":""0"",""supplyBalance"":""0"",""usdBalance"":""0""},{""marketId"":""0x45af9c72aa97978e143a646498c8922058b7c6f18b6f7b05d7316c8cf7ab942f"",""supplyAPY"":""6.07139429939501267785"",""supplyBalance"":""853470.92285819895066625540177083974176"",""usdBalance"":""853470.92285819895066625540177083974176""},{""marketId"":""0xd13b1bad542045a8dc729fa0ffcc4f538b9771592c2666e1f09667dcf85804fc"",""supplyAPY"":""6.03100045955481161981"",""supplyBalance"":""729912.22141628106847399492566452287424"",""usdBalance"":""729912.22141628106847399492566452287424""},{""marketId"":""0xe7aa046832007a975d4619260d221229e99cc27da2e6ef162881202b4cd2349b"",""supplyAPY"":""6.12737432925584830676"",""supplyBalance"":""56.8214905706780431382257456022112"",""usdBalance"":""56.8214905706780431382257456022112""}]",Morpho,2026-02-09T05:38:00.000000+0000,0x08C00F8279dFF5B0CB5a04d349E7d79708Ceadf3
"","",0x264a06fd7a7c9e0bfe75163b475e2a3cc1856578,0x034304ba1f9d64392584bdcc7827fb9c932b93c519bce641ef9b41dd54969d42,26800849,999,MetaMorpho,4,INFO,0xdc7c032afa1917481791ac1e606dde795b7492c106ad3f96054e39f9dda4d10e,0,"[{""marketId"":""0x9e28003bb5c29c1df3552e99b04d656fadf1aedaf81256637dcc51d91cf6c639"",""supplyAPY"":""0"",""supplyBalance"":""0"",""usdBalance"":""0""},{""marketId"":""0xbc15a1782163f4be46c23ac61f5da50fed96ad40293f86a5ce0501ce4a246b32"",""supplyAPY"":""2.01795081786244239339"",""supplyBalance"":""1596.6583851527789945242597489315147698058212"",""usdBalance"":""52810.822455144861473249233832700540021842027250668688""},{""marketId"":""0x64e7db7f042812d4335947a7cdf6af1093d29478aff5f1ccd93cc67f8aadfddc"",""supplyAPY"":""1.01946248810767211196"",""supplyBalance"":""0"",""usdBalance"":""0""},{""marketId"":""0xe9a9bb9ed3cc53f4ee9da4eea0370c2c566873d5de807e16559a99907c9ae227"",""supplyAPY"":""17.66262652442717598909"",""supplyBalance"":""0"",""usdBalance"":""0""}]",Morpho,2026-02-09T05:40:12.000000+0000,0x264a06Fd7A7C9E0Bfe75163b475E2A3cc1856578
"","",0x66c71204b70ae27be6dc3eb41f9af5868e68fdb6,0x9bd800877270e9462b21583ffe872a81718b50c3f3cbbcd17055ff7554f6194b,26800898,999,MetaMorpho,11,INFO,0xe1873f2bf13b33b3e587d9652b72b54faf4bb45f8a5f3417e62e45265a84219d,2,"[{""marketId"":""0xa666cc1147beda1aa50fae4b40cb4c37a51230e84e80dcd31233487060913a8d"",""supplyAPY"":""0"",""supplyBalance"":""0"",""usdBalance"":""0""},{""marketId"":""0x920244a8682a53b17fe15597b63abdaa3aecec44e070379c5e43897fb9f42a2b"",""supplyAPY"":""46.30851993458673083872"",""supplyBalance"":""1.29254993249131709676519443653572"",""usdBalance"":""1.29254993249131709676519443653572""},{""marketId"":""0xb5b215bd2771f5ed73125bf6a02e7b743fadc423dfbb095ad59df047c50d3e81"",""supplyAPY"":""46.11275379731357661921"",""supplyBalance"":""0.22867473206705417175699212073835"",""usdBalance"":""0.22867473206705417175699212073835""},{""marketId"":""0xe500760b79e397869927a5275d64987325faae43326daf6be5a560184e30a521"",""supplyAPY"":""7.59298369315024735668"",""supplyBalance"":""159513.92398947501924483635107367189899"",""usdBalance"":""159513.92398947501924483635107367189899""}]",Morpho,2026-02-09T05:41:00.000000+0000,0x66c71204B70aE27BE6dC3eb41F9aF5868E68fDb6
"","",0xd19e3d00f8547f7d108abfd4bbb015486437b487,0x61662562266be5bc0a842237979bc8ddc17cc66ea877be74e5564797746bafc7,26800904,999,MetaMorpho,4,INFO,0x335afe36e574e9f25c5efeb037c16f77046d08114f86e11def70c93f0365a6ba,0,"[{""marketId"":""0x9e28003bb5c29c1df3552e99b04d656fadf1aedaf81256637dcc51d91cf6c639"",""supplyAPY"":""0"",""supplyBalance"":""0"",""usdBalance"":""0""},{""marketId"":""0xbc15a1782163f4be46c23ac61f5da50fed96ad40293f86a5ce0501ce4a246b32"",""supplyAPY"":""2.03521860999365000947"",""supplyBalance"":""7.729300579267211403512e-19"",""usdBalance"":""2.5565313431468347845450329745888e-17""},{""marketId"":""0x19e47d37453628ebf0fd18766ce6fee1b08ea46752a5da83ca0bfecb270d07e8"",""supplyAPY"":""8.51014448120093631604"",""supplyBalance"":""7.802272830978911212725e-19"",""usdBalance"":""2.58066753073169483017970393229e-17""},{""marketId"":""0x53bf81793c2cc384c19a3bc9b032467e179a390a9225cd9542742ac10f539cc2"",""supplyAPY"":""17.82704968211189138984"",""supplyBalance"":""5.044499797807070486448e-19"",""usdBalance"":""1.6685108453647835917338459241152e-17""},{""marketId"":""0x64e7db7f042812d4335947a7cdf6af1093d29478aff5f1ccd93cc67f8aadfddc"",""supplyAPY"":""1.01942993768430375449"",""supplyBalance"":""0"",""usdBalance"":""0""},{""marketId"":""0x1df0d0ebcdc52069692452cb9a3e5cf6c017b237378141eaf08a05ce17205ed6"",""supplyAPY"":""35.66664136212056841905"",""supplyBalance"":""0"",""usdBalance"":""0""},{""marketId"":""0x0e5172eeb1bbf076fccc101f4a47e6f2db42eb7c39e44bd015c64b5e63e3da3d"",""supplyAPY"":""26.01293652372539120607"",""supplyBalance"":""48370.2570089577369424072126063799253664919959"",""usdBalance"":""1599887.038306797382892217872413974235304988805103122716""}]",Morpho,2026-02-09T05:41:06.000000+0000,0xd19e3d00f8547f7d108abFD4bbb015486437B487
"","",0x53a333e51e96fe288bc9add7cdc4b1ead2cd2ffa,0xc98c5fcab6bfeea8f0f24cc55473ca6d46333c9ad915f3618b31c28665dc11ba,26800922,999,MetaMorpho,7,INFO,0xa627e5f629d9ee74c415f2be49adec1319e31fc042ac8405559f5ac0954e5193,1,"[{""marketId"":""0x1c6b87ae1b97071ef444eedcba9f5a92cfe974edbbcaa1946644fc7ab0e283af"",""supplyAPY"":""0"",""supplyBalance"":""0"",""usdBalance"":""0""},{""marketId"":""0xb5b575e402c7c19def8661069c39464c8bf3297b638e64d841b09a4eb2807de5"",""supplyAPY"":""0.32424818812122847601"",""supplyBalance"":""25502.65206224815717315468129291032912"",""usdBalance"":""25502.65206224815717315468129291032912""},{""marketId"":""0xa62327642e110efd38ba2d153867a8625c8dc40832e1d211ba4f4151c3de9050"",""supplyAPY"":""7.86404541868081482333"",""supplyBalance"":""27059.43269343475341701622446991941288"",""usdBalance"":""27059.43269343475341701622446991941288""},{""marketId"":""0xd173e9d80aeacac486b46a9a849ecb386cec260cc7dd5be0db3505a0f9f93fb5"",""supplyAPY"":""0.05214900726359337745"",""supplyBalance"":""7.2217027566343423004910141e-7"",""usdBalance"":""7.2217027566343423004910141e-7""},{""marketId"":""0xc5526286d537c890fdd879d17d80c4a22dc7196c1e1fff0dd6c853692a759c62"",""supplyAPY"":""8.34366202291359152751"",""supplyBalance"":""2722.06668746819986115704934297474492"",""usdBalance"":""2722.06668746819986115704934297474492""},{""marketId"":""0x78f6b57d825ef01a5dc496ad1f426a6375c685047d07a30cd07ac5107ffc7976"",""supplyAPY"":""8.46696168481598321421"",""supplyBalance"":""330830.07534047097016917189263133857824"",""usdBalance"":""330830.07534047097016917189263133857824""},{""marketId"":""0x707dddc200e95dc984feb185abf1321cabec8486dca5a9a96fb5202184106e54"",""supplyAPY"":""7.34054586426116129604"",""supplyBalance"":""50477.87409641865212145094190812252512"",""usdBalance"":""50477.87409641865212145094190812252512""}]",Morpho,2026-02-09T05:41:24.000000+0000,0x53A333e51E96FE288bC9aDd7cdC4B1EAD2CD2FfA
"","",0xe5add96840f0b908ddeb3bd144c0283ac5ca7ca0,0xc98c5fcab6bfeea8f0f24cc55473ca6d46333c9ad915f3618b31c28665dc11ba,26800922,999,MetaMorpho,21,INFO,0xa627e5f629d9ee74c415f2be49adec1319e31fc042ac8405559f5ac0954e5193,1,"[{""marketId"":""0x1c6b87ae1b97071ef444eedcba9f5a92cfe974edbbcaa1946644fc7ab0e283af"",""supplyAPY"":""0"",""supplyBalance"":""2.013504"",""usdBalance"":""2.013504""},{""marketId"":""0xa24d04c3aff60d49b3475f0084334546cbf66182e788b6bf173e6f9990b2c816"",""supplyAPY"":""61.88468156195698008149"",""supplyBalance"":""0"",""usdBalance"":""0""},{""marketId"":""0xb5b575e402c7c19def8661069c39464c8bf3297b638e64d841b09a4eb2807de5"",""supplyAPY"":""0.32421836531824206148"",""supplyBalance"":""3534.9798248844050161955303560049614"",""usdBalance"":""3534.9798248844050161955303560049614""},{""marketId"":""0xebeabb17bd69d4b8ed6929a821d69478b564f4cc604d0995944c9da8b5cb3f04"",""supplyAPY"":""24.41158593008055608615"",""supplyBalance"":""0"",""usdBalance"":""0""},{""marketId"":""0x31aaa663d718e83ea15326ec110c4bcf5e123585d0b6c4d0ad61a50c4aa65b1e"",""supplyAPY"":""11.47668973294171048609"",""supplyBalance"":""94258.99835730269227175870774882311854"",""usdBalance"":""94258.99835730269227175870774882311854""},{""marketId"":""0xfbe436e9aa361487f0c3e4ff94c88aea72887a4482c6b8bcfec60a8584cdb05e"",""supplyAPY"":""6.93382467605672127326"",""supplyBalance"":""4999.99872306999558465759127617438752"",""usdBalance"":""4999.99872306999558465759127617438752""},{""marketId"":""0x78f6b57d825ef01a5dc496ad1f426a6375c685047d07a30cd07ac5107ffc7976"",""supplyAPY"":""8.46696168481598321421"",""supplyBalance"":""91554.48230186064484055327746020932192"",""usdBalance"":""91554.48230186064484055327746020932192""},{""marketId"":""0xace279b5c6eff0a1ce7287249369fa6f4d3d32225e1629b04ef308e0eb568fb0"",""supplyAPY"":""9.51686485408755685135"",""supplyBalance"":""73335.45631998316762492286358830754148"",""usdBalance"":""73335.45631998316762492286358830754148""},{""marketId"":""0x707dddc200e95dc984feb185abf1321cabec8486dca5a9a96fb5202184106e54"",""supplyAPY"":""7.34054586426116129604"",""supplyBalance"":""25000.0000000249436064358584522485904"",""usdBalance"":""25000.0000000249436064358584522485904""},{""marketId"":""0x09ed416b38a29e077383da5ae4200523e54e33ecff6e148c2590969a9852513f"",""supplyAPY"":""2.51251698084912296486"",""supplyBalance"":""64.6796647515685918496673107810768"",""usdBalance"":""64.6796647515685918496673107810768""},{""marketId"":""0xd5a9fba2309a0b85972a96f2cc45f9784e786d712944d8fc0b31a6d9cb4f21d3"",""supplyAPY"":""6.33398966877634228051"",""supplyBalance"":""0"",""usdBalance"":""0""},{""marketId"":""0xd2e8f6fd195556222d7a0314d4fb93fdf84ae920faaebba6dbcf584ac865e1f5"",""supplyAPY"":""6.27394761154607099408"",""supplyBalance"":""0"",""usdBalance"":""0""},{""marketId"":""0xf9f0473b23ebeb82c83078f0f0f77f27ac534c9fb227cb4366e6057b6163ffbf"",""supplyAPY"":""5.53084004514693187701"",""supplyBalance"":""0"",""usdBalance"":""0""},{""marketId"":""0x6eb4ce92dc1d89abd40f9634249ec28e8ab4e3f9bef0ab47ea784773c140d4ef"",""supplyAPY"":""6.2770112768610620535"",""supplyBalance"":""0"",""usdBalance"":""0""}]",Morpho,2026-02-09T05:41:24.000000+0000,0xe5ADd96840F0B908ddeB3Bd144C0283Ac5ca7cA0
"","",0x53a333e51e96fe288bc9add7cdc4b1ead2cd2ffa,0xc69438e89b1dd6c77bc0377ffe14f9e5ef35a37f33c9566fd16a75d7aeed513b,26800923,999,MetaMorpho,5,INFO,0x8f8dab2a3fa5ef5173bf6f510004ddd4f71080a19438e4a32503ee805f6d022f,0,"[{""marketId"":""0x1c6b87ae1b97071ef444eedcba9f5a92cfe974edbbcaa1946644fc7ab0e283af"",""supplyAPY"":""0"",""supplyBalance"":""0"",""usdBalance"":""0""},{""marketId"":""0xb5b575e402c7c19def8661069c39464c8bf3297b638e64d841b09a4eb2807de5"",""supplyAPY"":""0.32421836531824206148"",""supplyBalance"":""24816.01754644078778038493521019803114"",""usdBalance"":""24816.01754644078778038493521019803114""},{""marketId"":""0xa62327642e110efd38ba2d153867a8625c8dc40832e1d211ba4f4151c3de9050"",""supplyAPY"":""7.86404541868081482333"",""supplyBalance"":""27059.43269343475341701622446991941288"",""usdBalance"":""27059.43269343475341701622446991941288""},{""marketId"":""0xd173e9d80aeacac486b46a9a849ecb386cec260cc7dd5be0db3505a0f9f93fb5"",""supplyAPY"":""0.05214900726359337745"",""supplyBalance"":""7.2217027566343423004910141e-7"",""usdBalance"":""7.2217027566343423004910141e-7""},{""marketId"":""0xc5526286d537c890fdd879d17d80c4a22dc7196c1e1fff0dd6c853692a759c62"",""supplyAPY"":""8.34366202291359152751"",""supplyBalance"":""2722.06668746819986115704934297474492"",""usdBalance"":""2722.06668746819986115704934297474492""},{""marketId"":""0x78f6b57d825ef01a5dc496ad1f426a6375c685047d07a30cd07ac5107ffc7976"",""supplyAPY"":""8.46696168481598321421"",""supplyBalance"":""330830.07534047097016917189263133857824"",""usdBalance"":""330830.07534047097016917189263133857824""},{""marketId"":""0x707dddc200e95dc984feb185abf1321cabec8486dca5a9a96fb5202184106e54"",""supplyAPY"":""7.34054586426116129604"",""supplyBalance"":""50477.87409641865212145094190812252512"",""usdBalance"":""50477.87409641865212145094190812252512""}]",Morpho,2026-02-09T05:41:25.000000+0000,0x53A333e51E96FE288bC9aDd7cdC4B1EAD2CD2FfA
"","",0xe5add96840f0b908ddeb3bd144c0283ac5ca7ca0,0xc69438e89b1dd6c77bc0377ffe14f9e5ef35a37f33c9566fd16a75d7aeed513b,26800923,999,MetaMorpho,19,INFO,0x8f8dab2a3fa5ef5173bf6f510004ddd4f71080a19438e4a32503ee805f6d022f,0,"[{""marketId"":""0x1c6b87ae1b97071ef444eedcba9f5a92cfe974edbbcaa1946644fc7ab0e283af"",""supplyAPY"":""0"",""supplyBalance"":""688.647997"",""usdBalance"":""688.647997""},{""marketId"":""0xa24d04c3aff60d49b3475f0084334546cbf66182e788b6bf173e6f9990b2c816"",""supplyAPY"":""61.88468156195698008149"",""supplyBalance"":""0"",""usdBalance"":""0""},{""marketId"":""0xb5b575e402c7c19def8661069c39464c8bf3297b638e64d841b09a4eb2807de5"",""supplyAPY"":""0.33193439050866140804"",""supplyBalance"":""3534.9798252455167259395881026356648"",""usdBalance"":""3534.9798252455167259395881026356648""},{""marketId"":""0xebeabb17bd69d4b8ed6929a821d69478b564f4cc604d0995944c9da8b5cb3f04"",""supplyAPY"":""24.41158593008055608615"",""supplyBalance"":""0"",""usdBalance"":""0""},{""marketId"":""0x31aaa663d718e83ea15326ec110c4bcf5e123585d0b6c4d0ad61a50c4aa65b1e"",""supplyAPY"":""11.47668973294171048609"",""supplyBalance"":""94258.99835730269227175870774882311854"",""usdBalance"":""94258.99835730269227175870774882311854""},{""marketId"":""0xfbe436e9aa361487f0c3e4ff94c88aea72887a4482c6b8bcfec60a8584cdb05e"",""supplyAPY"":""6.93382467605672127326"",""supplyBalance"":""4999.99872306999558465759127617438752"",""usdBalance"":""4999.99872306999558465759127617438752""},{""marketId"":""0x78f6b57d825ef01a5dc496ad1f426a6375c685047d07a30cd07ac5107ffc7976"",""supplyAPY"":""8.46696168481598321421"",""supplyBalance"":""91554.48230186064484055327746020932192"",""usdBalance"":""91554.48230186064484055327746020932192""},{""marketId"":""0xace279b5c6eff0a1ce7287249369fa6f4d3d32225e1629b04ef308e0eb568fb0"",""supplyAPY"":""9.51686485408755685135"",""supplyBalance"":""73335.45631998316762492286358830754148"",""usdBalance"":""73335.45631998316762492286358830754148""},{""marketId"":""0x707dddc200e95dc984feb185abf1321cabec8486dca5a9a96fb5202184106e54"",""supplyAPY"":""7.34054586426116129604"",""supplyBalance"":""25000.0000000249436064358584522485904"",""usdBalance"":""25000.0000000249436064358584522485904""},{""marketId"":""0x09ed416b38a29e077383da5ae4200523e54e33ecff6e148c2590969a9852513f"",""supplyAPY"":""2.51251698084912296486"",""supplyBalance"":""64.6796647515685918496673107810768"",""usdBalance"":""64.6796647515685918496673107810768""},{""marketId"":""0xd5a9fba2309a0b85972a96f2cc45f9784e786d712944d8fc0b31a6d9cb4f21d3"",""supplyAPY"":""6.33398966877634228051"",""supplyBalance"":""0"",""usdBalance"":""0""},{""marketId"":""0xd2e8f6fd195556222d7a0314d4fb93fdf84ae920faaebba6dbcf584ac865e1f5"",""supplyAPY"":""6.27394761154607099408"",""supplyBalance"":""0"",""usdBalance"":""0""},{""marketId"":""0xf9f0473b23ebeb82c83078f0f0f77f27ac534c9fb227cb4366e6057b6163ffbf"",""supplyAPY"":""5.53084004514693187701"",""supplyBalance"":""0"",""usdBalance"":""0""},{""marketId"":""0x6eb4ce92dc1d89abd40f9634249ec28e8ab4e3f9bef0ab47ea784773c140d4ef"",""supplyAPY"":""6.2770112768610620535"",""supplyBalance"":""0"",""usdBalance"":""0""}]",Morpho,2026-02-09T05:41:25.000000+0000,0xe5ADd96840F0B908ddeB3Bd144C0283Ac5ca7cA0
"","",0x53a333e51e96fe288bc9add7cdc4b1ead2cd2ffa,0xc69438e89b1dd6c77bc0377ffe14f9e5ef35a37f33c9566fd16a75d7aeed513b,26800923,999,MetaMorpho,34,INFO,0x90ed3d86ce75df323cd7accd8fc271481d11661c5bbc82df5ce5bb6e2ebf7f90,1,"[{""marketId"":""0x1c6b87ae1b97071ef444eedcba9f5a92cfe974edbbcaa1946644fc7ab0e283af"",""supplyAPY"":""0"",""supplyBalance"":""0"",""usdBalance"":""0""},{""marketId"":""0xb5b575e402c7c19def8661069c39464c8bf3297b638e64d841b09a4eb2807de5"",""supplyAPY"":""0.33193439050866140804"",""supplyBalance"":""24816.01754897583888934757519655718648"",""usdBalance"":""24816.01754897583888934757519655718648""},{""marketId"":""0xa62327642e110efd38ba2d153867a8625c8dc40832e1d211ba4f4151c3de9050"",""supplyAPY"":""7.86404541868081482333"",""supplyBalance"":""27059.43269343475341701622446991941288"",""usdBalance"":""27059.43269343475341701622446991941288""},{""marketId"":""0xd173e9d80aeacac486b46a9a849ecb386cec260cc7dd5be0db3505a0f9f93fb5"",""supplyAPY"":""0.05214900726359337745"",""supplyBalance"":""7.2217027566343423004910141e-7"",""usdBalance"":""7.2217027566343423004910141e-7""},{""marketId"":""0xc5526286d537c890fdd879d17d80c4a22dc7196c1e1fff0dd6c853692a759c62"",""supplyAPY"":""8.34366202291359152751"",""supplyBalance"":""2722.06668746819986115704934297474492"",""usdBalance"":""2722.06668746819986115704934297474492""},{""marketId"":""0x78f6b57d825ef01a5dc496ad1f426a6375c685047d07a30cd07ac5107ffc7976"",""supplyAPY"":""8.46696168481598321421"",""supplyBalance"":""330830.07534047097016917189263133857824"",""usdBalance"":""330830.07534047097016917189263133857824""},{""marketId"":""0x707dddc200e95dc984feb185abf1321cabec8486dca5a9a96fb5202184106e54"",""supplyAPY"":""7.34054586426116129604"",""supplyBalance"":""50477.87409641865212145094190812252512"",""usdBalance"":""50477.87409641865212145094190812252512""}]",Morpho,2026-02-09T05:41:25.000000+0000,0x53A333e51E96FE288bC9aDd7cdC4B1EAD2CD2FfA
"","",0xe5add96840f0b908ddeb3bd144c0283ac5ca7ca0,0xc69438e89b1dd6c77bc0377ffe14f9e5ef35a37f33c9566fd16a75d7aeed513b,26800923,999,MetaMorpho,45,INFO,0x90ed3d86ce75df323cd7accd8fc271481d11661c5bbc82df5ce5bb6e2ebf7f90,1,"[{""marketId"":""0x1c6b87ae1b97071ef444eedcba9f5a92cfe974edbbcaa1946644fc7ab0e283af"",""supplyAPY"":""0"",""supplyBalance"":""688.647997"",""usdBalance"":""688.647997""},{""marketId"":""0xa24d04c3aff60d49b3475f0084334546cbf66182e788b6bf173e6f9990b2c816"",""supplyAPY"":""61.88468156195698008149"",""supplyBalance"":""0"",""usdBalance"":""0""},{""marketId"":""0xb5b575e402c7c19def8661069c39464c8bf3297b638e64d841b09a4eb2807de5"",""supplyAPY"":""0.33193439050866140804"",""supplyBalance"":""3534.9798252455167259395881026356648"",""usdBalance"":""3534.9798252455167259395881026356648""},{""marketId"":""0xebeabb17bd69d4b8ed6929a821d69478b564f4cc604d0995944c9da8b5cb3f04"",""supplyAPY"":""24.41158593008055608615"",""supplyBalance"":""0"",""usdBalance"":""0""},{""marketId"":""0x31aaa663d718e83ea15326ec110c4bcf5e123585d0b6c4d0ad61a50c4aa65b1e"",""supplyAPY"":""11.47668973294171048609"",""supplyBalance"":""94258.99835730269227175870774882311854"",""usdBalance"":""94258.99835730269227175870774882311854""},{""marketId"":""0xfbe436e9aa361487f0c3e4ff94c88aea72887a4482c6b8bcfec60a8584cdb05e"",""supplyAPY"":""6.93382467605672127326"",""supplyBalance"":""4999.99872306999558465759127617438752"",""usdBalance"":""4999.99872306999558465759127617438752""},{""marketId"":""0x78f6b57d825ef01a5dc496ad1f426a6375c685047d07a30cd07ac5107ffc7976"",""supplyAPY"":""8.46696168481598321421"",""supplyBalance"":""91554.48230186064484055327746020932192"",""usdBalance"":""91554.48230186064484055327746020932192""},{""marketId"":""0xace279b5c6eff0a1ce7287249369fa6f4d3d32225e1629b04ef308e0eb568fb0"",""supplyAPY"":""9.51686485408755685135"",""supplyBalance"":""73335.45631998316762492286358830754148"",""usdBalance"":""73335.45631998316762492286358830754148""},{""marketId"":""0x707dddc200e95dc984feb185abf1321cabec8486dca5a9a96fb5202184106e54"",""supplyAPY"":""7.34054586426116129604"",""supplyBalance"":""25000.0000000249436064358584522485904"",""usdBalance"":""25000.0000000249436064358584522485904""},{""marketId"":""0x09ed416b38a29e077383da5ae4200523e54e33ecff6e148c2590969a9852513f"",""supplyAPY"":""2.51251698084912296486"",""supplyBalance"":""64.6796647515685918496673107810768"",""usdBalance"":""64.6796647515685918496673107810768""},{""marketId"":""0xd5a9fba2309a0b85972a96f2cc45f9784e786d712944d8fc0b31a6d9cb4f21d3"",""supplyAPY"":""6.33398966877634228051"",""supplyBalance"":""0"",""usdBalance"":""0""},{""marketId"":""0xd2e8f6fd195556222d7a0314d4fb93fdf84ae920faaebba6dbcf584ac865e1f5"",""supplyAPY"":""6.27394761154607099408"",""supplyBalance"":""0"",""usdBalance"":""0""},{""marketId"":""0xf9f0473b23ebeb82c83078f0f0f77f27ac534c9fb227cb4366e6057b6163ffbf"",""supplyAPY"":""5.53084004514693187701"",""supplyBalance"":""0"",""usdBalance"":""0""},{""marketId"":""0x6eb4ce92dc1d89abd40f9634249ec28e8ab4e3f9bef0ab47ea784773c140d4ef"",""supplyAPY"":""6.2770112768610620535"",""supplyBalance"":""0"",""usdBalance"":""0""}]",Morpho,2026-02-09T05:41:25.000000+0000,0xe5ADd96840F0B908ddeB3Bd144C0283Ac5ca7cA0
"","",0x53a333e51e96fe288bc9add7cdc4b1ead2cd2ffa,0x32dbf1dbbea679b8757f547c8ccbb90bb4ff97831d75016049dc068374786d46,26800924,999,MetaMorpho,9,INFO,0x788f3e4f81b3c9358b5ad3cea4050e5614432a2ca0f13ec671dc8ff283472799,1,"[{""marketId"":""0x1c6b87ae1b97071ef444eedcba9f5a92cfe974edbbcaa1946644fc7ab0e283af"",""supplyAPY"":""0"",""supplyBalance"":""0"",""usdBalance"":""0""},{""marketId"":""0xb5b575e402c7c19def8661069c39464c8bf3297b638e64d841b09a4eb2807de5"",""supplyAPY"":""0.33193439050866140804"",""supplyBalance"":""24303.26773502847907002120551874523984"",""usdBalance"":""24303.26773502847907002120551874523984""},{""marketId"":""0xa62327642e110efd38ba2d153867a8625c8dc40832e1d211ba4f4151c3de9050"",""supplyAPY"":""7.86404541868081482333"",""supplyBalance"":""27059.43269343475341701622446991941288"",""usdBalance"":""27059.43269343475341701622446991941288""},{""marketId"":""0xd173e9d80aeacac486b46a9a849ecb386cec260cc7dd5be0db3505a0f9f93fb5"",""supplyAPY"":""0.05214900726359337745"",""supplyBalance"":""7.2217027566343423004910141e-7"",""usdBalance"":""7.2217027566343423004910141e-7""},{""marketId"":""0xc5526286d537c890fdd879d17d80c4a22dc7196c1e1fff0dd6c853692a759c62"",""supplyAPY"":""8.34366202291359152751"",""supplyBalance"":""2722.06668746819986115704934297474492"",""usdBalance"":""2722.06668746819986115704934297474492""},{""marketId"":""0x78f6b57d825ef01a5dc496ad1f426a6375c685047d07a30cd07ac5107ffc7976"",""supplyAPY"":""8.46696168481598321421"",""supplyBalance"":""330830.07534047097016917189263133857824"",""usdBalance"":""330830.07534047097016917189263133857824""},{""marketId"":""0x707dddc200e95dc984feb185abf1321cabec8486dca5a9a96fb5202184106e54"",""supplyAPY"":""7.34054586426116129604"",""supplyBalance"":""50477.87409641865212145094190812252512"",""usdBalance"":""50477.87409641865212145094190812252512""}]",Morpho,2026-02-09T05:41:26.000000+0000,0x53A333e51E96FE288bC9aDd7cdC4B1EAD2CD2FfA
"","",0xe5add96840f0b908ddeb3bd144c0283ac5ca7ca0,0x32dbf1dbbea679b8757f547c8ccbb90bb4ff97831d75016049dc068374786d46,26800924,999,MetaMorpho,23,INFO,0x788f3e4f81b3c9358b5ad3cea4050e5614432a2ca0f13ec671dc8ff283472799,1,"[{""marketId"":""0x1c6b87ae1b97071ef444eedcba9f5a92cfe974edbbcaa1946644fc7ab0e283af"",""supplyAPY"":""0"",""supplyBalance"":""1201.397299"",""usdBalance"":""1201.397299""},{""marketId"":""0xa24d04c3aff60d49b3475f0084334546cbf66182e788b6bf173e6f9990b2c816"",""supplyAPY"":""61.88468156195698008149"",""supplyBalance"":""0"",""usdBalance"":""0""},{""marketId"":""0xb5b575e402c7c19def8661069c39464c8bf3297b638e64d841b09a4eb2807de5"",""supplyAPY"":""0.34130119365170460103"",""supplyBalance"":""3534.9798256152316346154154358420114"",""usdBalance"":""3534.9798256152316346154154358420114""},{""marketId"":""0xebeabb17bd69d4b8ed6929a821d69478b564f4cc604d0995944c9da8b5cb3f04"",""supplyAPY"":""24.41158593008055608615"",""supplyBalance"":""0"",""usdBalance"":""0""},{""marketId"":""0x31aaa663d718e83ea15326ec110c4bcf5e123585d0b6c4d0ad61a50c4aa65b1e"",""supplyAPY"":""11.47668973294171048609"",""supplyBalance"":""94258.99835730269227175870774882311854"",""usdBalance"":""94258.99835730269227175870774882311854""},{""marketId"":""0xfbe436e9aa361487f0c3e4ff94c88aea72887a4482c6b8bcfec60a8584cdb05e"",""supplyAPY"":""6.93382467605672127326"",""supplyBalance"":""4999.99872306999558465759127617438752"",""usdBalance"":""4999.99872306999558465759127617438752""},{""marketId"":""0x78f6b57d825ef01a5dc496ad1f426a6375c685047d07a30cd07ac5107ffc7976"",""supplyAPY"":""8.46696168481598321421"",""supplyBalance"":""91554.48230186064484055327746020932192"",""usdBalance"":""91554.48230186064484055327746020932192""},{""marketId"":""0xace279b5c6eff0a1ce7287249369fa6f4d3d32225e1629b04ef308e0eb568fb0"",""supplyAPY"":""9.51686485408755685135"",""supplyBalance"":""73335.45631998316762492286358830754148"",""usdBalance"":""73335.45631998316762492286358830754148""},{""marketId"":""0x707dddc200e95dc984feb185abf1321cabec8486dca5a9a96fb5202184106e54"",""supplyAPY"":""7.34054586426116129604"",""supplyBalance"":""25000.0000000249436064358584522485904"",""usdBalance"":""25000.0000000249436064358584522485904""},{""marketId"":""0x09ed416b38a29e077383da5ae4200523e54e33ecff6e148c2590969a9852513f"",""supplyAPY"":""2.51251698084912296486"",""supplyBalance"":""64.6796647515685918496673107810768"",""usdBalance"":""64.6796647515685918496673107810768""},{""marketId"":""0xd5a9fba2309a0b85972a96f2cc45f9784e786d712944d8fc0b31a6d9cb4f21d3"",""supplyAPY"":""6.33398966877634228051"",""supplyBalance"":""0"",""usdBalance"":""0""},{""marketId"":""0xd2e8f6fd195556222d7a0314d4fb93fdf84ae920faaebba6dbcf584ac865e1f5"",""supplyAPY"":""6.27394761154607099408"",""supplyBalance"":""0"",""usdBalance"":""0""},{""marketId"":""0xf9f0473b23ebeb82c83078f0f0f77f27ac534c9fb227cb4366e6057b6163ffbf"",""supplyAPY"":""5.53084004514693187701"",""supplyBalance"":""0"",""usdBalance"":""0""},{""marketId"":""0x6eb4ce92dc1d89abd40f9634249ec28e8ab4e3f9bef0ab47ea784773c140d4ef"",""supplyAPY"":""6.2770112768610620535"",""supplyBalance"":""0"",""usdBalance"":""0""}]",Morpho,2026-02-09T05:41:26.000000+0000,0xe5ADd96840F0B908ddeB3Bd144C0283Ac5ca7cA0
"","",0x53a333e51e96fe288bc9add7cdc4b1ead2cd2ffa,0x32dbf1dbbea679b8757f547c8ccbb90bb4ff97831d75016049dc068374786d46,26800924,999,MetaMorpho,38,INFO,0x00fc10127c4f2b978967abfa9cc889e07c798b84bc7a9d94f29d20ddc4c83b79,2,"[{""marketId"":""0x1c6b87ae1b97071ef444eedcba9f5a92cfe974edbbcaa1946644fc7ab0e283af"",""supplyAPY"":""0"",""supplyBalance"":""0"",""usdBalance"":""0""},{""marketId"":""0xb5b575e402c7c19def8661069c39464c8bf3297b638e64d841b09a4eb2807de5"",""supplyAPY"":""0.34130119365170460103"",""supplyBalance"":""24303.26773757029850192027610353067812"",""usdBalance"":""24303.26773757029850192027610353067812""},{""marketId"":""0xa62327642e110efd38ba2d153867a8625c8dc40832e1d211ba4f4151c3de9050"",""supplyAPY"":""7.86404541868081482333"",""supplyBalance"":""27059.43269343475341701622446991941288"",""usdBalance"":""27059.43269343475341701622446991941288""},{""marketId"":""0xd173e9d80aeacac486b46a9a849ecb386cec260cc7dd5be0db3505a0f9f93fb5"",""supplyAPY"":""0.05214900726359337745"",""supplyBalance"":""7.2217027566343423004910141e-7"",""usdBalance"":""7.2217027566343423004910141e-7""},{""marketId"":""0xc5526286d537c890fdd879d17d80c4a22dc7196c1e1fff0dd6c853692a759c62"",""supplyAPY"":""8.34366202291359152751"",""supplyBalance"":""2722.06668746819986115704934297474492"",""usdBalance"":""2722.06668746819986115704934297474492""},{""marketId"":""0x78f6b57d825ef01a5dc496ad1f426a6375c685047d07a30cd07ac5107ffc7976"",""supplyAPY"":""8.46696168481598321421"",""supplyBalance"":""330830.07534047097016917189263133857824"",""usdBalance"":""330830.07534047097016917189263133857824""},{""marketId"":""0x707dddc200e95dc984feb185abf1321cabec8486dca5a9a96fb5202184106e54"",""supplyAPY"":""7.34054586426116129604"",""supplyBalance"":""50477.87409641865212145094190812252512"",""usdBalance"":""50477.87409641865212145094190812252512""}]",Morpho,2026-02-09T05:41:26.000000+0000,0x53A333e51E96FE288bC9aDd7cdC4B1EAD2CD2FfA
"","",0xe5add96840f0b908ddeb3bd144c0283ac5ca7ca0,0x32dbf1dbbea679b8757f547c8ccbb90bb4ff97831d75016049dc068374786d46,26800924,999,MetaMorpho,49,INFO,0x00fc10127c4f2b978967abfa9cc889e07c798b84bc7a9d94f29d20ddc4c83b79,2,"[{""marketId"":""0x1c6b87ae1b97071ef444eedcba9f5a92cfe974edbbcaa1946644fc7ab0e283af"",""supplyAPY"":""0"",""supplyBalance"":""1201.397299"",""usdBalance"":""1201.397299""},{""marketId"":""0xa24d04c3aff60d49b3475f0084334546cbf66182e788b6bf173e6f9990b2c816"",""supplyAPY"":""61.88468156195698008149"",""supplyBalance"":""0"",""usdBalance"":""0""},{""marketId"":""0xb5b575e402c7c19def8661069c39464c8bf3297b638e64d841b09a4eb2807de5"",""supplyAPY"":""0.34130119365170460103"",""supplyBalance"":""3534.9798256152316346154154358420114"",""usdBalance"":""3534.9798256152316346154154358420114""},{""marketId"":""0xebeabb17bd69d4b8ed6929a821d69478b564f4cc604d0995944c9da8b5cb3f04"",""supplyAPY"":""24.41158593008055608615"",""supplyBalance"":""0"",""usdBalance"":""0""},{""marketId"":""0x31aaa663d718e83ea15326ec110c4bcf5e123585d0b6c4d0ad61a50c4aa65b1e"",""supplyAPY"":""11.47668973294171048609"",""supplyBalance"":""94258.99835730269227175870774882311854"",""usdBalance"":""94258.99835730269227175870774882311854""},{""marketId"":""0xfbe436e9aa361487f0c3e4ff94c88aea72887a4482c6b8bcfec60a8584cdb05e"",""supplyAPY"":""6.93382467605672127326"",""supplyBalance"":""4999.99872306999558465759127617438752"",""usdBalance"":""4999.99872306999558465759127617438752""},{""marketId"":""0x78f6b57d825ef01a5dc496ad1f426a6375c685047d07a30cd07ac5107ffc7976"",""supplyAPY"":""8.46696168481598321421"",""supplyBalance"":""91554.48230186064484055327746020932192"",""usdBalance"":""91554.48230186064484055327746020932192""},{""marketId"":""0xace279b5c6eff0a1ce7287249369fa6f4d3d32225e1629b04ef308e0eb568fb0"",""supplyAPY"":""9.51686485408755685135"",""supplyBalance"":""73335.45631998316762492286358830754148"",""usdBalance"":""73335.45631998316762492286358830754148""},{""marketId"":""0x707dddc200e95dc984feb185abf1321cabec8486dca5a9a96fb5202184106e54"",""supplyAPY"":""7.34054586426116129604"",""supplyBalance"":""25000.0000000249436064358584522485904"",""usdBalance"":""25000.0000000249436064358584522485904""},{""marketId"":""0x09ed416b38a29e077383da5ae4200523e54e33ecff6e148c2590969a9852513f"",""supplyAPY"":""2.51251698084912296486"",""supplyBalance"":""64.6796647515685918496673107810768"",""usdBalance"":""64.6796647515685918496673107810768""},{""marketId"":""0xd5a9fba2309a0b85972a96f2cc45f9784e786d712944d8fc0b31a6d9cb4f21d3"",""supplyAPY"":""6.33398966877634228051"",""supplyBalance"":""0"",""usdBalance"":""0""},{""marketId"":""0xd2e8f6fd195556222d7a0314d4fb93fdf84ae920faaebba6dbcf584ac865e1f5"",""supplyAPY"":""6.27394761154607099408"",""supplyBalance"":""0"",""usdBalance"":""0""},{""marketId"":""0xf9f0473b23ebeb82c83078f0f0f77f27ac534c9fb227cb4366e6057b6163ffbf"",""supplyAPY"":""5.53084004514693187701"",""supplyBalance"":""0"",""usdBalance"":""0""},{""marketId"":""0x6eb4ce92dc1d89abd40f9634249ec28e8ab4e3f9bef0ab47ea784773c140d4ef"",""supplyAPY"":""6.2770112768610620535"",""supplyBalance"":""0"",""usdBalance"":""0""}]",Morpho,2026-02-09T05:41:26.000000+0000,0xe5ADd96840F0B908ddeB3Bd144C0283Ac5ca7cA0
"","",0x53a333e51e96fe288bc9add7cdc4b1ead2cd2ffa,0x540696aa2c60b63e96b3ad34f41d27c99b966fe142d8fb64ca19b457aad13744,26800929,999,MetaMorpho,8,INFO,0x3f8011b7d642e4a61f02c81b1c09460d5aa71a0ca9a20a1b6acce501920c2001,1,"[{""marketId"":""0x1c6b87ae1b97071ef444eedcba9f5a92cfe974edbbcaa1946644fc7ab0e283af"",""supplyAPY"":""0"",""supplyBalance"":""0"",""usdBalance"":""0""},{""marketId"":""0xb5b575e402c7c19def8661069c39464c8bf3297b638e64d841b09a4eb2807de5"",""supplyAPY"":""0.34130119365170460103"",""supplyBalance"":""9248.26581455479437168847466485752404"",""usdBalance"":""9248.26581455479437168847466485752404""},{""marketId"":""0xa62327642e110efd38ba2d153867a8625c8dc40832e1d211ba4f4151c3de9050"",""supplyAPY"":""7.86404541868081482333"",""supplyBalance"":""27059.43269343475341701622446991941288"",""usdBalance"":""27059.43269343475341701622446991941288""},{""marketId"":""0xd173e9d80aeacac486b46a9a849ecb386cec260cc7dd5be0db3505a0f9f93fb5"",""supplyAPY"":""0.05214900726359337745"",""supplyBalance"":""7.2217027566343423004910141e-7"",""usdBalance"":""7.2217027566343423004910141e-7""},{""marketId"":""0xc5526286d537c890fdd879d17d80c4a22dc7196c1e1fff0dd6c853692a759c62"",""supplyAPY"":""8.34366202291359152751"",""supplyBalance"":""2722.06668746819986115704934297474492"",""usdBalance"":""2722.06668746819986115704934297474492""},{""marketId"":""0x78f6b57d825ef01a5dc496ad1f426a6375c685047d07a30cd07ac5107ffc7976"",""supplyAPY"":""8.46696168481598321421"",""supplyBalance"":""330830.07534047097016917189263133857824"",""usdBalance"":""330830.07534047097016917189263133857824""},{""marketId"":""0x707dddc200e95dc984feb185abf1321cabec8486dca5a9a96fb5202184106e54"",""supplyAPY"":""7.34054586426116129604"",""supplyBalance"":""50477.87409641865212145094190812252512"",""usdBalance"":""50477.87409641865212145094190812252512""}]",Morpho,2026-02-09T05:41:31.000000+0000,0x53A333e51E96FE288bC9aDd7cdC4B1EAD2CD2FfA
"","",0xe5add96840f0b908ddeb3bd144c0283ac5ca7ca0,0x540696aa2c60b63e96b3ad34f41d27c99b966fe142d8fb64ca19b457aad13744,26800929,999,MetaMorpho,22,INFO,0x3f8011b7d642e4a61f02c81b1c09460d5aa71a0ca9a20a1b6acce501920c2001,1,"[{""marketId"":""0x1c6b87ae1b97071ef444eedcba9f5a92cfe974edbbcaa1946644fc7ab0e283af"",""supplyAPY"":""0"",""supplyBalance"":""16256.384175"",""usdBalance"":""16256.384175""},{""marketId"":""0xa24d04c3aff60d49b3475f0084334546cbf66182e788b6bf173e6f9990b2c816"",""supplyAPY"":""61.88468156195698008149"",""supplyBalance"":""0"",""usdBalance"":""0""},{""marketId"":""0xb5b575e402c7c19def8661069c39464c8bf3297b638e64d841b09a4eb2807de5"",""supplyAPY"":""0.7383268012735504555"",""supplyBalance"":""3534.9798275046167904502078213657859"",""usdBalance"":""3534.9798275046167904502078213657859""},{""marketId"":""0xebeabb17bd69d4b8ed6929a821d69478b564f4cc604d0995944c9da8b5cb3f04"",""supplyAPY"":""24.41158593008055608615"",""supplyBalance"":""0"",""usdBalance"":""0""},{""marketId"":""0x31aaa663d718e83ea15326ec110c4bcf5e123585d0b6c4d0ad61a50c4aa65b1e"",""supplyAPY"":""11.47668973294171048609"",""supplyBalance"":""94258.99835730269227175870774882311854"",""usdBalance"":""94258.99835730269227175870774882311854""},{""marketId"":""0xfbe436e9aa361487f0c3e4ff94c88aea72887a4482c6b8bcfec60a8584cdb05e"",""supplyAPY"":""6.93382467605672127326"",""supplyBalance"":""4999.99872306999558465759127617438752"",""usdBalance"":""4999.99872306999558465759127617438752""},{""marketId"":""0x78f6b57d825ef01a5dc496ad1f426a6375c685047d07a30cd07ac5107ffc7976"",""supplyAPY"":""8.46696168481598321421"",""supplyBalance"":""91554.48230186064484055327746020932192"",""usdBalance"":""91554.48230186064484055327746020932192""},{""marketId"":""0xace279b5c6eff0a1ce7287249369fa6f4d3d32225e1629b04ef308e0eb568fb0"",""supplyAPY"":""9.51686485408755685135"",""supplyBalance"":""73335.45631998316762492286358830754148"",""usdBalance"":""73335.45631998316762492286358830754148""},{""marketId"":""0x707dddc200e95dc984feb185abf1321cabec8486dca5a9a96fb5202184106e54"",""supplyAPY"":""7.34054586426116129604"",""supplyBalance"":""25000.0000000249436064358584522485904"",""usdBalance"":""25000.0000000249436064358584522485904""},{""marketId"":""0x09ed416b38a29e077383da5ae4200523e54e33ecff6e148c2590969a9852513f"",""supplyAPY"":""2.51251698084912296486"",""supplyBalance"":""64.6796647515685918496673107810768"",""usdBalance"":""64.6796647515685918496673107810768""},{""marketId"":""0xd5a9fba2309a0b85972a96f2cc45f9784e786d712944d8fc0b31a6d9cb4f21d3"",""supplyAPY"":""6.33398966877634228051"",""supplyBalance"":""0"",""usdBalance"":""0""},{""marketId"":""0xd2e8f6fd195556222d7a0314d4fb93fdf84ae920faaebba6dbcf584ac865e1f5"",""supplyAPY"":""6.27394761154607099408"",""supplyBalance"":""0"",""usdBalance"":""0""},{""marketId"":""0xf9f0473b23ebeb82c83078f0f0f77f27ac534c9fb227cb4366e6057b6163ffbf"",""supplyAPY"":""5.53084004514693187701"",""supplyBalance"":""0"",""usdBalance"":""0""},{""marketId"":""0x6eb4ce92dc1d89abd40f9634249ec28e8ab4e3f9bef0ab47ea784773c140d4ef"",""supplyAPY"":""6.2770112768610620535"",""supplyBalance"":""0"",""usdBalance"":""0""}]",Morpho,2026-02-09T05:41:31.000000+0000,0xe5ADd96840F0B908ddeB3Bd144C0283Ac5ca7cA0
"","",0x53a333e51e96fe288bc9add7cdc4b1ead2cd2ffa,0x80c02ee8b0c6e28b7d6ba5ea7905fadf8e7ea04bb5ea0ce64582632aaf491db5,26800930,999,MetaMorpho,5,INFO,0xfb85387a9f55f8bc28eab765110b435364a7a8598040228313b9236bc7d71597,1,"[{""marketId"":""0x1c6b87ae1b97071ef444eedcba9f5a92cfe974edbbcaa1946644fc7ab0e283af"",""supplyAPY"":""0"",""supplyBalance"":""0"",""usdBalance"":""0""},{""marketId"":""0xb5b575e402c7c19def8661069c39464c8bf3297b638e64d841b09a4eb2807de5"",""supplyAPY"":""0.7383268012735504555"",""supplyBalance"":""8239.79704980099290853600311240915811"",""usdBalance"":""8239.79704980099290853600311240915811""},{""marketId"":""0xa62327642e110efd38ba2d153867a8625c8dc40832e1d211ba4f4151c3de9050"",""supplyAPY"":""7.86404541868081482333"",""supplyBalance"":""27059.43269343475341701622446991941288"",""usdBalance"":""27059.43269343475341701622446991941288""},{""marketId"":""0xd173e9d80aeacac486b46a9a849ecb386cec260cc7dd5be0db3505a0f9f93fb5"",""supplyAPY"":""0.05214900726359337745"",""supplyBalance"":""7.2217027566343423004910141e-7"",""usdBalance"":""7.2217027566343423004910141e-7""},{""marketId"":""0xc5526286d537c890fdd879d17d80c4a22dc7196c1e1fff0dd6c853692a759c62"",""supplyAPY"":""8.34366202291359152751"",""supplyBalance"":""2722.06668746819986115704934297474492"",""usdBalance"":""2722.06668746819986115704934297474492""},{""marketId"":""0x78f6b57d825ef01a5dc496ad1f426a6375c685047d07a30cd07ac5107ffc7976"",""supplyAPY"":""8.46696168481598321421"",""supplyBalance"":""330830.07534047097016917189263133857824"",""usdBalance"":""330830.07534047097016917189263133857824""},{""marketId"":""0x707dddc200e95dc984feb185abf1321cabec8486dca5a9a96fb5202184106e54"",""supplyAPY"":""7.34054586426116129604"",""supplyBalance"":""50477.87409641865212145094190812252512"",""usdBalance"":""50477.87409641865212145094190812252512""}]",Morpho,2026-02-09T05:41:32.000000+0000,0x53A333e51E96FE288bC9aDd7cdC4B1EAD2CD2FfA
"","",0xe5add96840f0b908ddeb3bd144c0283ac5ca7ca0,0x80c02ee8b0c6e28b7d6ba5ea7905fadf8e7ea04bb5ea0ce64582632aaf491db5,26800930,999,MetaMorpho,19,INFO,0xfb85387a9f55f8bc28eab765110b435364a7a8598040228313b9236bc7d71597,1,"[{""marketId"":""0x1c6b87ae1b97071ef444eedcba9f5a92cfe974edbbcaa1946644fc7ab0e283af"",""supplyAPY"":""0"",""supplyBalance"":""17264.851937"",""usdBalance"":""17264.851937""},{""marketId"":""0xa24d04c3aff60d49b3475f0084334546cbf66182e788b6bf173e6f9990b2c816"",""supplyAPY"":""61.88468156195698008149"",""supplyBalance"":""0"",""usdBalance"":""0""},{""marketId"":""0xb5b575e402c7c19def8661069c39464c8bf3297b638e64d841b09a4eb2807de5"",""supplyAPY"":""1.18805087044691978946"",""supplyBalance"":""3534.9798285830939003274425141117449"",""usdBalance"":""3534.9798285830939003274425141117449""},{""marketId"":""0xebeabb17bd69d4b8ed6929a821d69478b564f4cc604d0995944c9da8b5cb3f04"",""supplyAPY"":""24.41158593008055608615"",""supplyBalance"":""0"",""usdBalance"":""0""},{""marketId"":""0x31aaa663d718e83ea15326ec110c4bcf5e123585d0b6c4d0ad61a50c4aa65b1e"",""supplyAPY"":""11.47668973294171048609"",""supplyBalance"":""94258.99835730269227175870774882311854"",""usdBalance"":""94258.99835730269227175870774882311854""},{""marketId"":""0xfbe436e9aa361487f0c3e4ff94c88aea72887a4482c6b8bcfec60a8584cdb05e"",""supplyAPY"":""6.93382467605672127326"",""supplyBalance"":""4999.99872306999558465759127617438752"",""usdBalance"":""4999.99872306999558465759127617438752""},{""marketId"":""0x78f6b57d825ef01a5dc496ad1f426a6375c685047d07a30cd07ac5107ffc7976"",""supplyAPY"":""8.46696168481598321421"",""supplyBalance"":""91554.48230186064484055327746020932192"",""usdBalance"":""91554.48230186064484055327746020932192""},{""marketId"":""0xace279b5c6eff0a1ce7287249369fa6f4d3d32225e1629b04ef308e0eb568fb0"",""supplyAPY"":""9.51686485408755685135"",""supplyBalance"":""73335.45631998316762492286358830754148"",""usdBalance"":""73335.45631998316762492286358830754148""},{""marketId"":""0x707dddc200e95dc984feb185abf1321cabec8486dca5a9a96fb5202184106e54"",""supplyAPY"":""7.34054586426116129604"",""supplyBalance"":""25000.0000000249436064358584522485904"",""usdBalance"":""25000.0000000249436064358584522485904""},{""marketId"":""0x09ed416b38a29e077383da5ae4200523e54e33ecff6e148c2590969a9852513f"",""supplyAPY"":""2.51251698084912296486"",""supplyBalance"":""64.6796647515685918496673107810768"",""usdBalance"":""64.6796647515685918496673107810768""},{""marketId"":""0xd5a9fba2309a0b85972a96f2cc45f9784e786d712944d8fc0b31a6d9cb4f21d3"",""supplyAPY"":""6.33398966877634228051"",""supplyBalance"":""0"",""usdBalance"":""0""},{""marketId"":""0xd2e8f6fd195556222d7a0314d4fb93fdf84ae920faaebba6dbcf584ac865e1f5"",""supplyAPY"":""6.27394761154607099408"",""supplyBalance"":""0"",""usdBalance"":""0""},{""marketId"":""0xf9f0473b23ebeb82c83078f0f0f77f27ac534c9fb227cb4366e6057b6163ffbf"",""supplyAPY"":""5.53084004514693187701"",""supplyBalance"":""0"",""usdBalance"":""0""},{""marketId"":""0x6eb4ce92dc1d89abd40f9634249ec28e8ab4e3f9bef0ab47ea784773c140d4ef"",""supplyAPY"":""6.2770112768610620535"",""supplyBalance"":""0"",""usdBalance"":""0""}]",Morpho,2026-02-09T05:41:32.000000+0000,0xe5ADd96840F0B908ddeB3Bd144C0283Ac5ca7cA0
"","",0x53a333e51e96fe288bc9add7cdc4b1ead2cd2ffa,0x141ab5499ed9c9fdb9b15b0eec5355aaf56da5295153c0e1c6829b0cfd749306,26800935,999,MetaMorpho,9,INFO,0xd557030064a39c9b98975104c3ccf09dc5d610c9e480e8778685f44e71862d61,1,"[{""marketId"":""0x1c6b87ae1b97071ef444eedcba9f5a92cfe974edbbcaa1946644fc7ab0e283af"",""supplyAPY"":""0"",""supplyBalance"":""0"",""usdBalance"":""0""},{""marketId"":""0xb5b575e402c7c19def8661069c39464c8bf3297b638e64d841b09a4eb2807de5"",""supplyAPY"":""1.18805087044691978946"",""supplyBalance"":""8229.79088833379758613775287684368244"",""usdBalance"":""8229.79088833379758613775287684368244""},{""marketId"":""0xa62327642e110efd38ba2d153867a8625c8dc40832e1d211ba4f4151c3de9050"",""supplyAPY"":""7.86404541868081482333"",""supplyBalance"":""27059.43269343475341701622446991941288"",""usdBalance"":""27059.43269343475341701622446991941288""},{""marketId"":""0xd173e9d80aeacac486b46a9a849ecb386cec260cc7dd5be0db3505a0f9f93fb5"",""supplyAPY"":""0.05214900726359337745"",""supplyBalance"":""7.2217027566343423004910141e-7"",""usdBalance"":""7.2217027566343423004910141e-7""},{""marketId"":""0xc5526286d537c890fdd879d17d80c4a22dc7196c1e1fff0dd6c853692a759c62"",""supplyAPY"":""8.34366202291359152751"",""supplyBalance"":""2722.06668746819986115704934297474492"",""usdBalance"":""2722.06668746819986115704934297474492""},{""marketId"":""0x78f6b57d825ef01a5dc496ad1f426a6375c685047d07a30cd07ac5107ffc7976"",""supplyAPY"":""8.46696168481598321421"",""supplyBalance"":""330830.07534047097016917189263133857824"",""usdBalance"":""330830.07534047097016917189263133857824""},{""marketId"":""0x707dddc200e95dc984feb185abf1321cabec8486dca5a9a96fb5202184106e54"",""supplyAPY"":""7.34054586426116129604"",""supplyBalance"":""50477.87409641865212145094190812252512"",""usdBalance"":""50477.87409641865212145094190812252512""}]",Morpho,2026-02-09T05:41:37.000000+0000,0x53A333e51E96FE288bC9aDd7cdC4B1EAD2CD2FfA
"","",0xe5add96840f0b908ddeb3bd144c0283ac5ca7ca0,0x141ab5499ed9c9fdb9b15b0eec5355aaf56da5295153c0e1c6829b0cfd749306,26800935,999,MetaMorpho,23,INFO,0xd557030064a39c9b98975104c3ccf09dc5d610c9e480e8778685f44e71862d61,1,"[{""marketId"":""0x1c6b87ae1b97071ef444eedcba9f5a92cfe974edbbcaa1946644fc7ab0e283af"",""supplyAPY"":""0"",""supplyBalance"":""17274.858091"",""usdBalance"":""17274.858091""},{""marketId"":""0xa24d04c3aff60d49b3475f0084334546cbf66182e788b6bf173e6f9990b2c816"",""supplyAPY"":""61.88468156195698008149"",""supplyBalance"":""0"",""usdBalance"":""0""},{""marketId"":""0xb5b575e402c7c19def8661069c39464c8bf3297b638e64d841b09a4eb2807de5"",""supplyAPY"":""1.24983635409153136268"",""supplyBalance"":""3534.9798352928871317564748059518302"",""usdBalance"":""3534.9798352928871317564748059518302""},{""marketId"":""0xebeabb17bd69d4b8ed6929a821d69478b564f4cc604d0995944c9da8b5cb3f04"",""supplyAPY"":""24.41158593008055608615"",""supplyBalance"":""0"",""usdBalance"":""0""},{""marketId"":""0x31aaa663d718e83ea15326ec110c4bcf5e123585d0b6c4d0ad61a50c4aa65b1e"",""supplyAPY"":""11.47668973294171048609"",""supplyBalance"":""94258.99835730269227175870774882311854"",""usdBalance"":""94258.99835730269227175870774882311854""},{""marketId"":""0xfbe436e9aa361487f0c3e4ff94c88aea72887a4482c6b8bcfec60a8584cdb05e"",""supplyAPY"":""6.93382467605672127326"",""supplyBalance"":""4999.99872306999558465759127617438752"",""usdBalance"":""4999.99872306999558465759127617438752""},{""marketId"":""0x78f6b57d825ef01a5dc496ad1f426a6375c685047d07a30cd07ac5107ffc7976"",""supplyAPY"":""8.46696168481598321421"",""supplyBalance"":""91554.48230186064484055327746020932192"",""usdBalance"":""91554.48230186064484055327746020932192""},{""marketId"":""0xace279b5c6eff0a1ce7287249369fa6f4d3d32225e1629b04ef308e0eb568fb0"",""supplyAPY"":""9.51686485408755685135"",""supplyBalance"":""73335.45631998316762492286358830754148"",""usdBalance"":""73335.45631998316762492286358830754148""},{""marketId"":""0x707dddc200e95dc984feb185abf1321cabec8486dca5a9a96fb5202184106e54"",""supplyAPY"":""7.34054586426116129604"",""supplyBalance"":""25000.0000000249436064358584522485904"",""usdBalance"":""25000.0000000249436064358584522485904""},{""marketId"":""0x09ed416b38a29e077383da5ae4200523e54e33ecff6e148c2590969a9852513f"",""supplyAPY"":""2.51251698084912296486"",""supplyBalance"":""64.6796647515685918496673107810768"",""usdBalance"":""64.6796647515685918496673107810768""},{""marketId"":""0xd5a9fba2309a0b85972a96f2cc45f9784e786d712944d8fc0b31a6d9cb4f21d3"",""supplyAPY"":""6.33398966877634228051"",""supplyBalance"":""0"",""usdBalance"":""0""},{""marketId"":""0xd2e8f6fd195556222d7a0314d4fb93fdf84ae920faaebba6dbcf584ac865e1f5"",""supplyAPY"":""6.27394761154607099408"",""supplyBalance"":""0"",""usdBalance"":""0""},{""marketId"":""0xf9f0473b23ebeb82c83078f0f0f77f27ac534c9fb227cb4366e6057b6163ffbf"",""supplyAPY"":""5.53084004514693187701"",""supplyBalance"":""0"",""usdBalance"":""0""},{""marketId"":""0x6eb4ce92dc1d89abd40f9634249ec28e8ab4e3f9bef0ab47ea784773c140d4ef"",""supplyAPY"":""6.2770112768610620535"",""supplyBalance"":""0"",""usdBalance"":""0""}]",Morpho,2026-02-09T05:41:37.000000+0000,0xe5ADd96840F0B908ddeB3Bd144C0283Ac5ca7cA0
"","",0x53a333e51e96fe288bc9add7cdc4b1ead2cd2ffa,0x20a9fd905fa859f4bb9180c66f7c8e17edda2e3563201e6a5ccb1796868c43bc,26800936,999,MetaMorpho,5,INFO,0xf75bf5219ea0cff68c8e648e48f00bf3bf729351a8c2f6b9683ff10b1419dbcb,0,"[{""marketId"":""0x1c6b87ae1b97071ef444eedcba9f5a92cfe974edbbcaa1946644fc7ab0e283af"",""supplyAPY"":""0"",""supplyBalance"":""0"",""usdBalance"":""0""},{""marketId"":""0xb5b575e402c7c19def8661069c39464c8bf3297b638e64d841b09a4eb2807de5"",""supplyAPY"":""8.28722906688630495792"",""supplyBalance"":""8063.52795350786283313792256075310375"",""usdBalance"":""8063.52795350786283313792256075310375""},{""marketId"":""0xa62327642e110efd38ba2d153867a8625c8dc40832e1d211ba4f4151c3de9050"",""supplyAPY"":""20.10456065616398772876"",""supplyBalance"":""27059.3671027054248586478279140803624"",""usdBalance"":""27059.3671027054248586478279140803624""},{""marketId"":""0xd173e9d80aeacac486b46a9a849ecb386cec260cc7dd5be0db3505a0f9f93fb5"",""supplyAPY"":""0.05214900726359337745"",""supplyBalance"":""7.2217027566343423004910141e-7"",""usdBalance"":""7.2217027566343423004910141e-7""},{""marketId"":""0xc5526286d537c890fdd879d17d80c4a22dc7196c1e1fff0dd6c853692a759c62"",""supplyAPY"":""8.34366202291359152751"",""supplyBalance"":""2722.06668746819986115704934297474492"",""usdBalance"":""2722.06668746819986115704934297474492""},{""marketId"":""0x78f6b57d825ef01a5dc496ad1f426a6375c685047d07a30cd07ac5107ffc7976"",""supplyAPY"":""7.4378238589928400603"",""supplyBalance"":""330799.78564659458336652373982418831072"",""usdBalance"":""330799.78564659458336652373982418831072""},{""marketId"":""0x707dddc200e95dc984feb185abf1321cabec8486dca5a9a96fb5202184106e54"",""supplyAPY"":""7.34054586426116129604"",""supplyBalance"":""50477.87409641865212145094190812252512"",""usdBalance"":""50477.87409641865212145094190812252512""}]",Morpho,2026-02-09T05:41:38.000000+0000,0x53A333e51E96FE288bC9aDd7cdC4B1EAD2CD2FfA
"","",0xe5add96840f0b908ddeb3bd144c0283ac5ca7ca0,0x20a9fd905fa859f4bb9180c66f7c8e17edda2e3563201e6a5ccb1796868c43bc,26800936,999,MetaMorpho,19,INFO,0xf75bf5219ea0cff68c8e648e48f00bf3bf729351a8c2f6b9683ff10b1419dbcb,0,"[{""marketId"":""0x1c6b87ae1b97071ef444eedcba9f5a92cfe974edbbcaa1946644fc7ab0e283af"",""supplyAPY"":""0"",""supplyBalance"":""17441.104931"",""usdBalance"":""17441.104931""},{""marketId"":""0xa24d04c3aff60d49b3475f0084334546cbf66182e788b6bf173e6f9990b2c816"",""supplyAPY"":""61.91403411319710495776"",""supplyBalance"":""0"",""usdBalance"":""0""},{""marketId"":""0xb5b575e402c7c19def8661069c39464c8bf3297b638e64d841b09a4eb2807de5"",""supplyAPY"":""1.26789782834896774023"",""supplyBalance"":""3534.9798364609904067364724837799834"",""usdBalance"":""3534.9798364609904067364724837799834""},{""marketId"":""0xebeabb17bd69d4b8ed6929a821d69478b564f4cc604d0995944c9da8b5cb3f04"",""supplyAPY"":""24.41160819959879008371"",""supplyBalance"":""0"",""usdBalance"":""0""},{""marketId"":""0x31aaa663d718e83ea15326ec110c4bcf5e123585d0b6c4d0ad61a50c4aa65b1e"",""supplyAPY"":""59.97203963197162390825"",""supplyBalance"":""94258.64618855327441011409145588094612"",""usdBalance"":""94258.64618855327441011409145588094612""},{""marketId"":""0xfbe436e9aa361487f0c3e4ff94c88aea72887a4482c6b8bcfec60a8584cdb05e"",""supplyAPY"":""4.33270796252616666117"",""supplyBalance"":""4999.64369327932975787677985634479676"",""usdBalance"":""4999.64369327932975787677985634479676""},{""marketId"":""0x78f6b57d825ef01a5dc496ad1f426a6375c685047d07a30cd07ac5107ffc7976"",""supplyAPY"":""7.4378238589928400603"",""supplyBalance"":""91546.09988004158724434006993309897376"",""usdBalance"":""91546.09988004158724434006993309897376""},{""marketId"":""0xace279b5c6eff0a1ce7287249369fa6f4d3d32225e1629b04ef308e0eb568fb0"",""supplyAPY"":""7.52993371970623170294"",""supplyBalance"":""73344.48398003848965443208919391552704"",""usdBalance"":""73344.48398003848965443208919391552704""},{""marketId"":""0x707dddc200e95dc984feb185abf1321cabec8486dca5a9a96fb5202184106e54"",""supplyAPY"":""7.34054586426116129604"",""supplyBalance"":""25000.0000000249436064358584522485904"",""usdBalance"":""25000.0000000249436064358584522485904""},{""marketId"":""0x09ed416b38a29e077383da5ae4200523e54e33ecff6e148c2590969a9852513f"",""supplyAPY"":""2.51251698084912296486"",""supplyBalance"":""64.6796647515685918496673107810768"",""usdBalance"":""64.6796647515685918496673107810768""},{""marketId"":""0xd5a9fba2309a0b85972a96f2cc45f9784e786d712944d8fc0b31a6d9cb4f21d3"",""supplyAPY"":""6.33398966877634228051"",""supplyBalance"":""0"",""usdBalance"":""0""},{""marketId"":""0xd2e8f6fd195556222d7a0314d4fb93fdf84ae920faaebba6dbcf584ac865e1f5"",""supplyAPY"":""6.27030281238483096974"",""supplyBalance"":""0"",""usdBalance"":""0""},{""marketId"":""0xf9f0473b23ebeb82c83078f0f0f77f27ac534c9fb227cb4366e6057b6163ffbf"",""supplyAPY"":""5.53084004514693187701"",""supplyBalance"":""0"",""usdBalance"":""0""},{""marketId"":""0x6eb4ce92dc1d89abd40f9634249ec28e8ab4e3f9bef0ab47ea784773c140d4ef"",""supplyAPY"":""5.98187724191037547174"",""supplyBalance"":""0"",""usdBalance"":""0""}]",Morpho,2026-02-09T05:41:38.000000+0000,0xe5ADd96840F0B908ddeB3Bd144C0283Ac5ca7cA0
"","",0x53a333e51e96fe288bc9add7cdc4b1ead2cd2ffa,0x20a9fd905fa859f4bb9180c66f7c8e17edda2e3563201e6a5ccb1796868c43bc,26800936,999,MetaMorpho,34,INFO,0x2f92ec2df0ca269c868c138803cf7ad7bd8408921ae00ca2fd1ebe824af465d6,1,"[{""marketId"":""0x1c6b87ae1b97071ef444eedcba9f5a92cfe974edbbcaa1946644fc7ab0e283af"",""supplyAPY"":""0"",""supplyBalance"":""0"",""usdBalance"":""0""},{""marketId"":""0xb5b575e402c7c19def8661069c39464c8bf3297b638e64d841b09a4eb2807de5"",""supplyAPY"":""1.26789782834896774023"",""supplyBalance"":""8063.5439006735826529307499186242985"",""usdBalance"":""8063.5439006735826529307499186242985""},{""marketId"":""0xa62327642e110efd38ba2d153867a8625c8dc40832e1d211ba4f4151c3de9050"",""supplyAPY"":""20.10456065616398772876"",""supplyBalance"":""27059.3671027054248586478279140803624"",""usdBalance"":""27059.3671027054248586478279140803624""},{""marketId"":""0xd173e9d80aeacac486b46a9a849ecb386cec260cc7dd5be0db3505a0f9f93fb5"",""supplyAPY"":""0.05214900726359337745"",""supplyBalance"":""7.2217027566343423004910141e-7"",""usdBalance"":""7.2217027566343423004910141e-7""},{""marketId"":""0xc5526286d537c890fdd879d17d80c4a22dc7196c1e1fff0dd6c853692a759c62"",""supplyAPY"":""8.34366202291359152751"",""supplyBalance"":""2722.06668746819986115704934297474492"",""usdBalance"":""2722.06668746819986115704934297474492""},{""marketId"":""0x78f6b57d825ef01a5dc496ad1f426a6375c685047d07a30cd07ac5107ffc7976"",""supplyAPY"":""7.4378238589928400603"",""supplyBalance"":""330799.78564659458336652373982418831072"",""usdBalance"":""330799.78564659458336652373982418831072""},{""marketId"":""0x707dddc200e95dc984feb185abf1321cabec8486dca5a9a96fb5202184106e54"",""supplyAPY"":""7.34054586426116129604"",""supplyBalance"":""50477.87409641865212145094190812252512"",""usdBalance"":""50477.87409641865212145094190812252512""}]",Morpho,2026-02-09T05:41:38.000000+0000,0x53A333e51E96FE288bC9aDd7cdC4B1EAD2CD2FfA
"","",0xe5add96840f0b908ddeb3bd144c0283ac5ca7ca0,0x20a9fd905fa859f4bb9180c66f7c8e17edda2e3563201e6a5ccb1796868c43bc,26800936,999,MetaMorpho,45,INFO,0x2f92ec2df0ca269c868c138803cf7ad7bd8408921ae00ca2fd1ebe824af465d6,1,"[{""marketId"":""0x1c6b87ae1b97071ef444eedcba9f5a92cfe974edbbcaa1946644fc7ab0e283af"",""supplyAPY"":""0"",""supplyBalance"":""17441.104931"",""usdBalance"":""17441.104931""},{""marketId"":""0xa24d04c3aff60d49b3475f0084334546cbf66182e788b6bf173e6f9990b2c816"",""supplyAPY"":""61.91403411319710495776"",""supplyBalance"":""0"",""usdBalance"":""0""},{""marketId"":""0xb5b575e402c7c19def8661069c39464c8bf3297b638e64d841b09a4eb2807de5"",""supplyAPY"":""1.26789782834896774023"",""supplyBalance"":""3534.9798364609904067364724837799834"",""usdBalance"":""3534.9798364609904067364724837799834""},{""marketId"":""0xebeabb17bd69d4b8ed6929a821d69478b564f4cc604d0995944c9da8b5cb3f04"",""supplyAPY"":""24.41160819959879008371"",""supplyBalance"":""0"",""usdBalance"":""0""},{""marketId"":""0x31aaa663d718e83ea15326ec110c4bcf5e123585d0b6c4d0ad61a50c4aa65b1e"",""supplyAPY"":""59.97203963197162390825"",""supplyBalance"":""94258.64618855327441011409145588094612"",""usdBalance"":""94258.64618855327441011409145588094612""},{""marketId"":""0xfbe436e9aa361487f0c3e4ff94c88aea72887a4482c6b8bcfec60a8584cdb05e"",""supplyAPY"":""4.33270796252616666117"",""supplyBalance"":""4999.64369327932975787677985634479676"",""usdBalance"":""4999.64369327932975787677985634479676""},{""marketId"":""0x78f6b57d825ef01a5dc496ad1f426a6375c685047d07a30cd07ac5107ffc7976"",""supplyAPY"":""7.4378238589928400603"",""supplyBalance"":""91546.09988004158724434006993309897376"",""usdBalance"":""91546.09988004158724434006993309897376""},{""marketId"":""0xace279b5c6eff0a1ce7287249369fa6f4d3d32225e1629b04ef308e0eb568fb0"",""supplyAPY"":""7.52993371970623170294"",""supplyBalance"":""73344.48398003848965443208919391552704"",""usdBalance"":""73344.48398003848965443208919391552704""},{""marketId"":""0x707dddc200e95dc984feb185abf1321cabec8486dca5a9a96fb5202184106e54"",""supplyAPY"":""7.34054586426116129604"",""supplyBalance"":""25000.0000000249436064358584522485904"",""usdBalance"":""25000.0000000249436064358584522485904""},{""marketId"":""0x09ed416b38a29e077383da5ae4200523e54e33ecff6e148c2590969a9852513f"",""supplyAPY"":""2.51251698084912296486"",""supplyBalance"":""64.6796647515685918496673107810768"",""usdBalance"":""64.6796647515685918496673107810768""},{""marketId"":""0xd5a9fba2309a0b85972a96f2cc45f9784e786d712944d8fc0b31a6d9cb4f21d3"",""supplyAPY"":""6.33398966877634228051"",""supplyBalance"":""0"",""usdBalance"":""0""},{""marketId"":""0xd2e8f6fd195556222d7a0314d4fb93fdf84ae920faaebba6dbcf584ac865e1f5"",""supplyAPY"":""6.27030281238483096974"",""supplyBalance"":""0"",""usdBalance"":""0""},{""marketId"":""0xf9f0473b23ebeb82c83078f0f0f77f27ac534c9fb227cb4366e6057b6163ffbf"",""supplyAPY"":""5.53084004514693187701"",""supplyBalance"":""0"",""usdBalance"":""0""},{""marketId"":""0x6eb4ce92dc1d89abd40f9634249ec28e8ab4e3f9bef0ab47ea784773c140d4ef"",""supplyAPY"":""5.98187724191037547174"",""supplyBalance"":""0"",""usdBalance"":""0""}]",Morpho,2026-02-09T05:41:38.000000+0000,0xe5ADd96840F0B908ddeB3Bd144C0283Ac5ca7cA0
"","",0x53a333e51e96fe288bc9add7cdc4b1ead2cd2ffa,0xe28a9f35e3aa0f376173870d3a92638ca10e0c2191de8aa007084824099dae03,26800937,999,MetaMorpho,5,INFO,0x1d544580c56c369c34897bdc98c8dc925c4669a28dc69d78258a0d99d666af62,0,"[{""marketId"":""0x1c6b87ae1b97071ef444eedcba9f5a92cfe974edbbcaa1946644fc7ab0e283af"",""supplyAPY"":""0"",""supplyBalance"":""0"",""usdBalance"":""0""},{""marketId"":""0xb5b575e402c7c19def8661069c39464c8bf3297b638e64d841b09a4eb2807de5"",""supplyAPY"":""1.26789782834896774023"",""supplyBalance"":""7932.87402071676059505193193263694964"",""usdBalance"":""7932.87402071676059505193193263694964""},{""marketId"":""0xa62327642e110efd38ba2d153867a8625c8dc40832e1d211ba4f4151c3de9050"",""supplyAPY"":""20.10456065616398772876"",""supplyBalance"":""27059.3671027054248586478279140803624"",""usdBalance"":""27059.3671027054248586478279140803624""},{""marketId"":""0xd173e9d80aeacac486b46a9a849ecb386cec260cc7dd5be0db3505a0f9f93fb5"",""supplyAPY"":""0.05214900726359337745"",""supplyBalance"":""7.2217027566343423004910141e-7"",""usdBalance"":""7.2217027566343423004910141e-7""},{""marketId"":""0xc5526286d537c890fdd879d17d80c4a22dc7196c1e1fff0dd6c853692a759c62"",""supplyAPY"":""8.34366202291359152751"",""supplyBalance"":""2722.06668746819986115704934297474492"",""usdBalance"":""2722.06668746819986115704934297474492""},{""marketId"":""0x78f6b57d825ef01a5dc496ad1f426a6375c685047d07a30cd07ac5107ffc7976"",""supplyAPY"":""7.4378238589928400603"",""supplyBalance"":""330799.78564659458336652373982418831072"",""usdBalance"":""330799.78564659458336652373982418831072""},{""marketId"":""0x707dddc200e95dc984feb185abf1321cabec8486dca5a9a96fb5202184106e54"",""supplyAPY"":""7.34054586426116129604"",""supplyBalance"":""50477.87409641865212145094190812252512"",""usdBalance"":""50477.87409641865212145094190812252512""}]",Morpho,2026-02-09T05:41:39.000000+0000,0x53A333e51E96FE288bC9aDd7cdC4B1EAD2CD2FfA
"","",0xe5add96840f0b908ddeb3bd144c0283ac5ca7ca0,0xe28a9f35e3aa0f376173870d3a92638ca10e0c2191de8aa007084824099dae03,26800937,999,MetaMorpho,19,INFO,0x1d544580c56c369c34897bdc98c8dc925c4669a28dc69d78258a0d99d666af62,0,"[{""marketId"":""0x1c6b87ae1b97071ef444eedcba9f5a92cfe974edbbcaa1946644fc7ab0e283af"",""supplyAPY"":""0"",""supplyBalance"":""17571.774682"",""usdBalance"":""17571.774682""},{""marketId"":""0xa24d04c3aff60d49b3475f0084334546cbf66182e788b6bf173e6f9990b2c816"",""supplyAPY"":""61.91403411319710495776"",""supplyBalance"":""0"",""usdBalance"":""0""},{""marketId"":""0xb5b575e402c7c19def8661069c39464c8bf3297b638e64d841b09a4eb2807de5"",""supplyAPY"":""1.29323779604832788003"",""supplyBalance"":""3534.9798376453103980395678068234966"",""usdBalance"":""3534.9798376453103980395678068234966""},{""marketId"":""0xebeabb17bd69d4b8ed6929a821d69478b564f4cc604d0995944c9da8b5cb3f04"",""supplyAPY"":""24.41160819959879008371"",""supplyBalance"":""0"",""usdBalance"":""0""},{""marketId"":""0x31aaa663d718e83ea15326ec110c4bcf5e123585d0b6c4d0ad61a50c4aa65b1e"",""supplyAPY"":""59.97203963197162390825"",""supplyBalance"":""94258.64618855327441011409145588094612"",""usdBalance"":""94258.64618855327441011409145588094612""},{""marketId"":""0xfbe436e9aa361487f0c3e4ff94c88aea72887a4482c6b8bcfec60a8584cdb05e"",""supplyAPY"":""4.33270796252616666117"",""supplyBalance"":""4999.64369327932975787677985634479676"",""usdBalance"":""4999.64369327932975787677985634479676""},{""marketId"":""0x78f6b57d825ef01a5dc496ad1f426a6375c685047d07a30cd07ac5107ffc7976"",""supplyAPY"":""7.4378238589928400603"",""supplyBalance"":""91546.09988004158724434006993309897376"",""usdBalance"":""91546.09988004158724434006993309897376""},{""marketId"":""0xace279b5c6eff0a1ce7287249369fa6f4d3d32225e1629b04ef308e0eb568fb0"",""supplyAPY"":""7.52993371970623170294"",""supplyBalance"":""73344.48398003848965443208919391552704"",""usdBalance"":""73344.48398003848965443208919391552704""},{""marketId"":""0x707dddc200e95dc984feb185abf1321cabec8486dca5a9a96fb5202184106e54"",""supplyAPY"":""7.34054586426116129604"",""supplyBalance"":""25000.0000000249436064358584522485904"",""usdBalance"":""25000.0000000249436064358584522485904""},{""marketId"":""0x09ed416b38a29e077383da5ae4200523e54e33ecff6e148c2590969a9852513f"",""supplyAPY"":""2.51251698084912296486"",""supplyBalance"":""64.6796647515685918496673107810768"",""usdBalance"":""64.6796647515685918496673107810768""},{""marketId"":""0xd5a9fba2309a0b85972a96f2cc45f9784e786d712944d8fc0b31a6d9cb4f21d3"",""supplyAPY"":""6.33398966877634228051"",""supplyBalance"":""0"",""usdBalance"":""0""},{""marketId"":""0xd2e8f6fd195556222d7a0314d4fb93fdf84ae920faaebba6dbcf584ac865e1f5"",""supplyAPY"":""6.27030281238483096974"",""supplyBalance"":""0"",""usdBalance"":""0""},{""marketId"":""0xf9f0473b23ebeb82c83078f0f0f77f27ac534c9fb227cb4366e6057b6163ffbf"",""supplyAPY"":""5.53084004514693187701"",""supplyBalance"":""0"",""usdBalance"":""0""},{""marketId"":""0x6eb4ce92dc1d89abd40f9634249ec28e8ab4e3f9bef0ab47ea784773c140d4ef"",""supplyAPY"":""5.98187724191037547174"",""supplyBalance"":""0"",""usdBalance"":""0""}]",Morpho,2026-02-09T05:41:39.000000+0000,0xe5ADd96840F0B908ddeB3Bd144C0283Ac5ca7cA0
"","",0x53a333e51e96fe288bc9add7cdc4b1ead2cd2ffa,0xe28a9f35e3aa0f376173870d3a92638ca10e0c2191de8aa007084824099dae03,26800937,999,MetaMorpho,34,INFO,0xc8c7554a851a8d7880fa93d24ca0f729ad19e9d42a94f4e4faec7cad6fb07186,1,"[{""marketId"":""0x1c6b87ae1b97071ef444eedcba9f5a92cfe974edbbcaa1946644fc7ab0e283af"",""supplyAPY"":""0"",""supplyBalance"":""0"",""usdBalance"":""0""},{""marketId"":""0xb5b575e402c7c19def8661069c39464c8bf3297b638e64d841b09a4eb2807de5"",""supplyAPY"":""1.29323779604832788003"",""supplyBalance"":""7932.87402337450172113133726159625836"",""usdBalance"":""7932.87402337450172113133726159625836""},{""marketId"":""0xa62327642e110efd38ba2d153867a8625c8dc40832e1d211ba4f4151c3de9050"",""supplyAPY"":""20.10456065616398772876"",""supplyBalance"":""27059.3671027054248586478279140803624"",""usdBalance"":""27059.3671027054248586478279140803624""},{""marketId"":""0xd173e9d80aeacac486b46a9a849ecb386cec260cc7dd5be0db3505a0f9f93fb5"",""supplyAPY"":""0.05214900726359337745"",""supplyBalance"":""7.2217027566343423004910141e-7"",""usdBalance"":""7.2217027566343423004910141e-7""},{""marketId"":""0xc5526286d537c890fdd879d17d80c4a22dc7196c1e1fff0dd6c853692a759c62"",""supplyAPY"":""8.34366202291359152751"",""supplyBalance"":""2722.06668746819986115704934297474492"",""usdBalance"":""2722.06668746819986115704934297474492""},{""marketId"":""0x78f6b57d825ef01a5dc496ad1f426a6375c685047d07a30cd07ac5107ffc7976"",""supplyAPY"":""7.4378238589928400603"",""supplyBalance"":""330799.78564659458336652373982418831072"",""usdBalance"":""330799.78564659458336652373982418831072""},{""marketId"":""0x707dddc200e95dc984feb185abf1321cabec8486dca5a9a96fb5202184106e54"",""supplyAPY"":""7.34054586426116129604"",""supplyBalance"":""50477.87409641865212145094190812252512"",""usdBalance"":""50477.87409641865212145094190812252512""}]",Morpho,2026-02-09T05:41:39.000000+0000,0x53A333e51E96FE288bC9aDd7cdC4B1EAD2CD2FfA
"","",0xe5add96840f0b908ddeb3bd144c0283ac5ca7ca0,0xe28a9f35e3aa0f376173870d3a92638ca10e0c2191de8aa007084824099dae03,26800937,999,MetaMorpho,45,INFO,0xc8c7554a851a8d7880fa93d24ca0f729ad19e9d42a94f4e4faec7cad6fb07186,1,"[{""marketId"":""0x1c6b87ae1b97071ef444eedcba9f5a92cfe974edbbcaa1946644fc7ab0e283af"",""supplyAPY"":""0"",""supplyBalance"":""17571.774682"",""usdBalance"":""17571.774682""},{""marketId"":""0xa24d04c3aff60d49b3475f0084334546cbf66182e788b6bf173e6f9990b2c816"",""supplyAPY"":""61.91403411319710495776"",""supplyBalance"":""0"",""usdBalance"":""0""},{""marketId"":""0xb5b575e402c7c19def8661069c39464c8bf3297b638e64d841b09a4eb2807de5"",""supplyAPY"":""1.29323779604832788003"",""supplyBalance"":""3534.9798376453103980395678068234966"",""usdBalance"":""3534.9798376453103980395678068234966""},{""marketId"":""0xebeabb17bd69d4b8ed6929a821d69478b564f4cc604d0995944c9da8b5cb3f04"",""supplyAPY"":""24.41160819959879008371"",""supplyBalance"":""0"",""usdBalance"":""0""},{""marketId"":""0x31aaa663d718e83ea15326ec110c4bcf5e123585d0b6c4d0ad61a50c4aa65b1e"",""supplyAPY"":""59.97203963197162390825"",""supplyBalance"":""94258.64618855327441011409145588094612"",""usdBalance"":""94258.64618855327441011409145588094612""},{""marketId"":""0xfbe436e9aa361487f0c3e4ff94c88aea72887a4482c6b8bcfec60a8584cdb05e"",""supplyAPY"":""4.33270796252616666117"",""supplyBalance"":""4999.64369327932975787677985634479676"",""usdBalance"":""4999.64369327932975787677985634479676""},{""marketId"":""0x78f6b57d825ef01a5dc496ad1f426a6375c685047d07a30cd07ac5107ffc7976"",""supplyAPY"":""7.4378238589928400603"",""supplyBalance"":""91546.09988004158724434006993309897376"",""usdBalance"":""91546.09988004158724434006993309897376""},{""marketId"":""0xace279b5c6eff0a1ce7287249369fa6f4d3d32225e1629b04ef308e0eb568fb0"",""supplyAPY"":""7.52993371970623170294"",""supplyBalance"":""73344.48398003848965443208919391552704"",""usdBalance"":""73344.48398003848965443208919391552704""},{""marketId"":""0x707dddc200e95dc984feb185abf1321cabec8486dca5a9a96fb5202184106e54"",""supplyAPY"":""7.34054586426116129604"",""supplyBalance"":""25000.0000000249436064358584522485904"",""usdBalance"":""25000.0000000249436064358584522485904""},{""marketId"":""0x09ed416b38a29e077383da5ae4200523e54e33ecff6e148c2590969a9852513f"",""supplyAPY"":""2.51251698084912296486"",""supplyBalance"":""64.6796647515685918496673107810768"",""usdBalance"":""64.6796647515685918496673107810768""},{""marketId"":""0xd5a9fba2309a0b85972a96f2cc45f9784e786d712944d8fc0b31a6d9cb4f21d3"",""supplyAPY"":""6.33398966877634228051"",""supplyBalance"":""0"",""usdBalance"":""0""},{""marketId"":""0xd2e8f6fd195556222d7a0314d4fb93fdf84ae920faaebba6dbcf584ac865e1f5"",""supplyAPY"":""6.27030281238483096974"",""supplyBalance"":""0"",""usdBalance"":""0""},{""marketId"":""0xf9f0473b23ebeb82c83078f0f0f77f27ac534c9fb227cb4366e6057b6163ffbf"",""supplyAPY"":""5.53084004514693187701"",""supplyBalance"":""0"",""usdBalance"":""0""},{""marketId"":""0x6eb4ce92dc1d89abd40f9634249ec28e8ab4e3f9bef0ab47ea784773c140d4ef"",""supplyAPY"":""5.98187724191037547174"",""supplyBalance"":""0"",""usdBalance"":""0""}]",Morpho,2026-02-09T05:41:39.000000+0000,0xe5ADd96840F0B908ddeB3Bd144C0283Ac5ca7cA0
"","",0x53a333e51e96fe288bc9add7cdc4b1ead2cd2ffa,0xdcd5b7de237f75aedba587de5ab5b62fdfd08300335104b7570ea30e45520be8,26800950,999,MetaMorpho,5,INFO,0x74d0c18da33ca25f397926a3e63e9c86719260831d12c3a9a7a8030d813251cb,0,"[{""marketId"":""0x1c6b87ae1b97071ef444eedcba9f5a92cfe974edbbcaa1946644fc7ab0e283af"",""supplyAPY"":""0"",""supplyBalance"":""0"",""usdBalance"":""0""},{""marketId"":""0xb5b575e402c7c19def8661069c39464c8bf3297b638e64d841b09a4eb2807de5"",""supplyAPY"":""1.29323779604832788003"",""supplyBalance"":""5901.67803720016037888869735831643928"",""usdBalance"":""5901.67803720016037888869735831643928""},{""marketId"":""0xa62327642e110efd38ba2d153867a8625c8dc40832e1d211ba4f4151c3de9050"",""supplyAPY"":""20.10456065616398772876"",""supplyBalance"":""27059.3671027054248586478279140803624"",""usdBalance"":""27059.3671027054248586478279140803624""},{""marketId"":""0xd173e9d80aeacac486b46a9a849ecb386cec260cc7dd5be0db3505a0f9f93fb5"",""supplyAPY"":""0.05214900726359337745"",""supplyBalance"":""7.2217027566343423004910141e-7"",""usdBalance"":""7.2217027566343423004910141e-7""},{""marketId"":""0xc5526286d537c890fdd879d17d80c4a22dc7196c1e1fff0dd6c853692a759c62"",""supplyAPY"":""8.34366202291359152751"",""supplyBalance"":""2722.06668746819986115704934297474492"",""usdBalance"":""2722.06668746819986115704934297474492""},{""marketId"":""0x78f6b57d825ef01a5dc496ad1f426a6375c685047d07a30cd07ac5107ffc7976"",""supplyAPY"":""7.4378238589928400603"",""supplyBalance"":""330799.78564659458336652373982418831072"",""usdBalance"":""330799.78564659458336652373982418831072""},{""marketId"":""0x707dddc200e95dc984feb185abf1321cabec8486dca5a9a96fb5202184106e54"",""supplyAPY"":""7.34054586426116129604"",""supplyBalance"":""50477.87409641865212145094190812252512"",""usdBalance"":""50477.87409641865212145094190812252512""}]",Morpho,2026-02-09T05:41:52.000000+0000,0x53A333e51E96FE288bC9aDd7cdC4B1EAD2CD2FfA
"","",0xe5add96840f0b908ddeb3bd144c0283ac5ca7ca0,0xdcd5b7de237f75aedba587de5ab5b62fdfd08300335104b7570ea30e45520be8,26800950,999,MetaMorpho,19,INFO,0x74d0c18da33ca25f397926a3e63e9c86719260831d12c3a9a7a8030d813251cb,0,"[{""marketId"":""0x1c6b87ae1b97071ef444eedcba9f5a92cfe974edbbcaa1946644fc7ab0e283af"",""supplyAPY"":""0"",""supplyBalance"":""19602.968648"",""usdBalance"":""19602.968648""},{""marketId"":""0xa24d04c3aff60d49b3475f0084334546cbf66182e788b6bf173e6f9990b2c816"",""supplyAPY"":""61.91403411319710495776"",""supplyBalance"":""0"",""usdBalance"":""0""},{""marketId"":""0xb5b575e402c7c19def8661069c39464c8bf3297b638e64d841b09a4eb2807de5"",""supplyAPY"":""1.57285411093425265008"",""supplyBalance"":""3534.9798565052656668672273580190313"",""usdBalance"":""3534.9798565052656668672273580190313""},{""marketId"":""0xebeabb17bd69d4b8ed6929a821d69478b564f4cc604d0995944c9da8b5cb3f04"",""supplyAPY"":""24.41160819959879008371"",""supplyBalance"":""0"",""usdBalance"":""0""},{""marketId"":""0x31aaa663d718e83ea15326ec110c4bcf5e123585d0b6c4d0ad61a50c4aa65b1e"",""supplyAPY"":""59.97203963197162390825"",""supplyBalance"":""94258.64618855327441011409145588094612"",""usdBalance"":""94258.64618855327441011409145588094612""},{""marketId"":""0xfbe436e9aa361487f0c3e4ff94c88aea72887a4482c6b8bcfec60a8584cdb05e"",""supplyAPY"":""4.33270796252616666117"",""supplyBalance"":""4999.64369327932975787677985634479676"",""usdBalance"":""4999.64369327932975787677985634479676""},{""marketId"":""0x78f6b57d825ef01a5dc496ad1f426a6375c685047d07a30cd07ac5107ffc7976"",""supplyAPY"":""7.4378238589928400603"",""supplyBalance"":""91546.09988004158724434006993309897376"",""usdBalance"":""91546.09988004158724434006993309897376""},{""marketId"":""0xace279b5c6eff0a1ce7287249369fa6f4d3d32225e1629b04ef308e0eb568fb0"",""supplyAPY"":""7.52993371970623170294"",""supplyBalance"":""73344.48398003848965443208919391552704"",""usdBalance"":""73344.48398003848965443208919391552704""},{""marketId"":""0x707dddc200e95dc984feb185abf1321cabec8486dca5a9a96fb5202184106e54"",""supplyAPY"":""7.34054586426116129604"",""supplyBalance"":""25000.0000000249436064358584522485904"",""usdBalance"":""25000.0000000249436064358584522485904""},{""marketId"":""0x09ed416b38a29e077383da5ae4200523e54e33ecff6e148c2590969a9852513f"",""supplyAPY"":""2.51251698084912296486"",""supplyBalance"":""64.6796647515685918496673107810768"",""usdBalance"":""64.6796647515685918496673107810768""},{""marketId"":""0xd5a9fba2309a0b85972a96f2cc45f9784e786d712944d8fc0b31a6d9cb4f21d3"",""supplyAPY"":""6.33398966877634228051"",""supplyBalance"":""0"",""usdBalance"":""0""},{""marketId"":""0xd2e8f6fd195556222d7a0314d4fb93fdf84ae920faaebba6dbcf584ac865e1f5"",""supplyAPY"":""6.27030281238483096974"",""supplyBalance"":""0"",""usdBalance"":""0""},{""marketId"":""0xf9f0473b23ebeb82c83078f0f0f77f27ac534c9fb227cb4366e6057b6163ffbf"",""supplyAPY"":""5.53084004514693187701"",""supplyBalance"":""0"",""usdBalance"":""0""},{""marketId"":""0x6eb4ce92dc1d89abd40f9634249ec28e8ab4e3f9bef0ab47ea784773c140d4ef"",""supplyAPY"":""5.98187724191037547174"",""supplyBalance"":""0"",""usdBalance"":""0""}]",Morpho,2026-02-09T05:41:52.000000+0000,0xe5ADd96840F0B908ddeB3Bd144C0283Ac5ca7cA0
"","",0x53a333e51e96fe288bc9add7cdc4b1ead2cd2ffa,0xdcd5b7de237f75aedba587de5ab5b62fdfd08300335104b7570ea30e45520be8,26800950,999,MetaMorpho,34,INFO,0xcd95a49edc8f91fd7999dbb37df7d7f8e4b06aef70c0cb0ab93f921e7383c0f1,1,"[{""marketId"":""0x1c6b87ae1b97071ef444eedcba9f5a92cfe974edbbcaa1946644fc7ab0e283af"",""supplyAPY"":""0"",""supplyBalance"":""0"",""usdBalance"":""0""},{""marketId"":""0xb5b575e402c7c19def8661069c39464c8bf3297b638e64d841b09a4eb2807de5"",""supplyAPY"":""1.57285411093425265008"",""supplyBalance"":""5901.67806868701147978759408005825604"",""usdBalance"":""5901.67806868701147978759408005825604""},{""marketId"":""0xa62327642e110efd38ba2d153867a8625c8dc40832e1d211ba4f4151c3de9050"",""supplyAPY"":""20.10456065616398772876"",""supplyBalance"":""27059.3671027054248586478279140803624"",""usdBalance"":""27059.3671027054248586478279140803624""},{""marketId"":""0xd173e9d80aeacac486b46a9a849ecb386cec260cc7dd5be0db3505a0f9f93fb5"",""supplyAPY"":""0.05214900726359337745"",""supplyBalance"":""7.2217027566343423004910141e-7"",""usdBalance"":""7.2217027566343423004910141e-7""},{""marketId"":""0xc5526286d537c890fdd879d17d80c4a22dc7196c1e1fff0dd6c853692a759c62"",""supplyAPY"":""8.34366202291359152751"",""supplyBalance"":""2722.06668746819986115704934297474492"",""usdBalance"":""2722.06668746819986115704934297474492""},{""marketId"":""0x78f6b57d825ef01a5dc496ad1f426a6375c685047d07a30cd07ac5107ffc7976"",""supplyAPY"":""7.4378238589928400603"",""supplyBalance"":""330799.78564659458336652373982418831072"",""usdBalance"":""330799.78564659458336652373982418831072""},{""marketId"":""0x707dddc200e95dc984feb185abf1321cabec8486dca5a9a96fb5202184106e54"",""supplyAPY"":""7.34054586426116129604"",""supplyBalance"":""50477.87409641865212145094190812252512"",""usdBalance"":""50477.87409641865212145094190812252512""}]",Morpho,2026-02-09T05:41:52.000000+0000,0x53A333e51E96FE288bC9aDd7cdC4B1EAD2CD2FfA
"","",0xe5add96840f0b908ddeb3bd144c0283ac5ca7ca0,0xdcd5b7de237f75aedba587de5ab5b62fdfd08300335104b7570ea30e45520be8,26800950,999,MetaMorpho,45,INFO,0xcd95a49edc8f91fd7999dbb37df7d7f8e4b06aef70c0cb0ab93f921e7383c0f1,1,"[{""marketId"":""0x1c6b87ae1b97071ef444eedcba9f5a92cfe974edbbcaa1946644fc7ab0e283af"",""supplyAPY"":""0"",""supplyBalance"":""19602.968648"",""usdBalance"":""19602.968648""},{""marketId"":""0xa24d04c3aff60d49b3475f0084334546cbf66182e788b6bf173e6f9990b2c816"",""supplyAPY"":""61.91403411319710495776"",""supplyBalance"":""0"",""usdBalance"":""0""},{""marketId"":""0xb5b575e402c7c19def8661069c39464c8bf3297b638e64d841b09a4eb2807de5"",""supplyAPY"":""1.57285411093425265008"",""supplyBalance"":""3534.9798565052656668672273580190313"",""usdBalance"":""3534.9798565052656668672273580190313""},{""marketId"":""0xebeabb17bd69d4b8ed6929a821d69478b564f4cc604d0995944c9da8b5cb3f04"",""supplyAPY"":""24.41160819959879008371"",""supplyBalance"":""0"",""usdBalance"":""0""},{""marketId"":""0x31aaa663d718e83ea15326ec110c4bcf5e123585d0b6c4d0ad61a50c4aa65b1e"",""supplyAPY"":""59.97203963197162390825"",""supplyBalance"":""94258.64618855327441011409145588094612"",""usdBalance"":""94258.64618855327441011409145588094612""},{""marketId"":""0xfbe436e9aa361487f0c3e4ff94c88aea72887a4482c6b8bcfec60a8584cdb05e"",""supplyAPY"":""4.33270796252616666117"",""supplyBalance"":""4999.64369327932975787677985634479676"",""usdBalance"":""4999.64369327932975787677985634479676""},{""marketId"":""0x78f6b57d825ef01a5dc496ad1f426a6375c685047d07a30cd07ac5107ffc7976"",""supplyAPY"":""7.4378238589928400603"",""supplyBalance"":""91546.09988004158724434006993309897376"",""usdBalance"":""91546.09988004158724434006993309897376""},{""marketId"":""0xace279b5c6eff0a1ce7287249369fa6f4d3d32225e1629b04ef308e0eb568fb0"",""supplyAPY"":""7.52993371970623170294"",""supplyBalance"":""73344.48398003848965443208919391552704"",""usdBalance"":""73344.48398003848965443208919391552704""},{""marketId"":""0x707dddc200e95dc984feb185abf1321cabec8486dca5a9a96fb5202184106e54"",""supplyAPY"":""7.34054586426116129604"",""supplyBalance"":""25000.0000000249436064358584522485904"",""usdBalance"":""25000.0000000249436064358584522485904""},{""marketId"":""0x09ed416b38a29e077383da5ae4200523e54e33ecff6e148c2590969a9852513f"",""supplyAPY"":""2.51251698084912296486"",""supplyBalance"":""64.6796647515685918496673107810768"",""usdBalance"":""64.6796647515685918496673107810768""},{""marketId"":""0xd5a9fba2309a0b85972a96f2cc45f9784e786d712944d8fc0b31a6d9cb4f21d3"",""supplyAPY"":""6.33398966877634228051"",""supplyBalance"":""0"",""usdBalance"":""0""},{""marketId"":""0xd2e8f6fd195556222d7a0314d4fb93fdf84ae920faaebba6dbcf584ac865e1f5"",""supplyAPY"":""6.27030281238483096974"",""supplyBalance"":""0"",""usdBalance"":""0""},{""marketId"":""0xf9f0473b23ebeb82c83078f0f0f77f27ac534c9fb227cb4366e6057b6163ffbf"",""supplyAPY"":""5.53084004514693187701"",""supplyBalance"":""0"",""usdBalance"":""0""},{""marketId"":""0x6eb4ce92dc1d89abd40f9634249ec28e8ab4e3f9bef0ab47ea784773c140d4ef"",""supplyAPY"":""5.98187724191037547174"",""supplyBalance"":""0"",""usdBalance"":""0""}]",Morpho,2026-02-09T05:41:52.000000+0000,0xe5ADd96840F0B908ddeB3Bd144C0283Ac5ca7cA0
"","",0x53a333e51e96fe288bc9add7cdc4b1ead2cd2ffa,0xdeaf10d2b1307af9ac2c12eb2591b7d18518cf495d5921da90cad5a7b4489239,26800951,999,MetaMorpho,5,INFO,0xcb6b4b6fd3877c9141ce64ce94b060ba90fb67ee1eb7db849f557881ec01de86,0,"[{""marketId"":""0x1c6b87ae1b97071ef444eedcba9f5a92cfe974edbbcaa1946644fc7ab0e283af"",""supplyAPY"":""0"",""supplyBalance"":""0"",""usdBalance"":""0""},{""marketId"":""0xb5b575e402c7c19def8661069c39464c8bf3297b638e64d841b09a4eb2807de5"",""supplyAPY"":""1.57285411093425265008"",""supplyBalance"":""5882.5705536966737890180600626145014"",""usdBalance"":""5882.5705536966737890180600626145014""},{""marketId"":""0xa62327642e110efd38ba2d153867a8625c8dc40832e1d211ba4f4151c3de9050"",""supplyAPY"":""20.10456065616398772876"",""supplyBalance"":""27059.3671027054248586478279140803624"",""usdBalance"":""27059.3671027054248586478279140803624""},{""marketId"":""0xd173e9d80aeacac486b46a9a849ecb386cec260cc7dd5be0db3505a0f9f93fb5"",""supplyAPY"":""0.05214900726359337745"",""supplyBalance"":""7.2217027566343423004910141e-7"",""usdBalance"":""7.2217027566343423004910141e-7""},{""marketId"":""0xc5526286d537c890fdd879d17d80c4a22dc7196c1e1fff0dd6c853692a759c62"",""supplyAPY"":""8.34366202291359152751"",""supplyBalance"":""2722.06668746819986115704934297474492"",""usdBalance"":""2722.06668746819986115704934297474492""},{""marketId"":""0x78f6b57d825ef01a5dc496ad1f426a6375c685047d07a30cd07ac5107ffc7976"",""supplyAPY"":""7.4378238589928400603"",""supplyBalance"":""330799.78564659458336652373982418831072"",""usdBalance"":""330799.78564659458336652373982418831072""},{""marketId"":""0x707dddc200e95dc984feb185abf1321cabec8486dca5a9a96fb5202184106e54"",""supplyAPY"":""7.34054586426116129604"",""supplyBalance"":""50477.87409641865212145094190812252512"",""usdBalance"":""50477.87409641865212145094190812252512""}]",Morpho,2026-02-09T05:41:53.000000+0000,0x53A333e51E96FE288bC9aDd7cdC4B1EAD2CD2FfA
"","",0xe5add96840f0b908ddeb3bd144c0283ac5ca7ca0,0xdeaf10d2b1307af9ac2c12eb2591b7d18518cf495d5921da90cad5a7b4489239,26800951,999,MetaMorpho,19,INFO,0xcb6b4b6fd3877c9141ce64ce94b060ba90fb67ee1eb7db849f557881ec01de86,0,"[{""marketId"":""0x1c6b87ae1b97071ef444eedcba9f5a92cfe974edbbcaa1946644fc7ab0e283af"",""supplyAPY"":""0"",""supplyBalance"":""19622.076144"",""usdBalance"":""19622.076144""},{""marketId"":""0xa24d04c3aff60d49b3475f0084334546cbf66182e788b6bf173e6f9990b2c816"",""supplyAPY"":""61.91403411319710495776"",""supplyBalance"":""0"",""usdBalance"":""0""},{""marketId"":""0xb5b575e402c7c19def8661069c39464c8bf3297b638e64d841b09a4eb2807de5"",""supplyAPY"":""1.78569450546627304419"",""supplyBalance"":""3534.9798583127020216178994875560208"",""usdBalance"":""3534.9798583127020216178994875560208""},{""marketId"":""0xebeabb17bd69d4b8ed6929a821d69478b564f4cc604d0995944c9da8b5cb3f04"",""supplyAPY"":""24.41160819959879008371"",""supplyBalance"":""0"",""usdBalance"":""0""},{""marketId"":""0x31aaa663d718e83ea15326ec110c4bcf5e123585d0b6c4d0ad61a50c4aa65b1e"",""supplyAPY"":""59.97203963197162390825"",""supplyBalance"":""94258.64618855327441011409145588094612"",""usdBalance"":""94258.64618855327441011409145588094612""},{""marketId"":""0xfbe436e9aa361487f0c3e4ff94c88aea72887a4482c6b8bcfec60a8584cdb05e"",""supplyAPY"":""4.33270796252616666117"",""supplyBalance"":""4999.64369327932975787677985634479676"",""usdBalance"":""4999.64369327932975787677985634479676""},{""marketId"":""0x78f6b57d825ef01a5dc496ad1f426a6375c685047d07a30cd07ac5107ffc7976"",""supplyAPY"":""7.4378238589928400603"",""supplyBalance"":""91546.09988004158724434006993309897376"",""usdBalance"":""91546.09988004158724434006993309897376""},{""marketId"":""0xace279b5c6eff0a1ce7287249369fa6f4d3d32225e1629b04ef308e0eb568fb0"",""supplyAPY"":""7.52993371970623170294"",""supplyBalance"":""73344.48398003848965443208919391552704"",""usdBalance"":""73344.48398003848965443208919391552704""},{""marketId"":""0x707dddc200e95dc984feb185abf1321cabec8486dca5a9a96fb5202184106e54"",""supplyAPY"":""7.34054586426116129604"",""supplyBalance"":""25000.0000000249436064358584522485904"",""usdBalance"":""25000.0000000249436064358584522485904""},{""marketId"":""0x09ed416b38a29e077383da5ae4200523e54e33ecff6e148c2590969a9852513f"",""supplyAPY"":""2.51251698084912296486"",""supplyBalance"":""64.6796647515685918496673107810768"",""usdBalance"":""64.6796647515685918496673107810768""},{""marketId"":""0xd5a9fba2309a0b85972a96f2cc45f9784e786d712944d8fc0b31a6d9cb4f21d3"",""supplyAPY"":""6.33398966877634228051"",""supplyBalance"":""0"",""usdBalance"":""0""},{""marketId"":""0xd2e8f6fd195556222d7a0314d4fb93fdf84ae920faaebba6dbcf584ac865e1f5"",""supplyAPY"":""6.27030281238483096974"",""supplyBalance"":""0"",""usdBalance"":""0""},{""marketId"":""0xf9f0473b23ebeb82c83078f0f0f77f27ac534c9fb227cb4366e6057b6163ffbf"",""supplyAPY"":""5.53084004514693187701"",""supplyBalance"":""0"",""usdBalance"":""0""},{""marketId"":""0x6eb4ce92dc1d89abd40f9634249ec28e8ab4e3f9bef0ab47ea784773c140d4ef"",""supplyAPY"":""5.98187724191037547174"",""supplyBalance"":""0"",""usdBalance"":""0""}]",Morpho,2026-02-09T05:41:53.000000+0000,0xe5ADd96840F0B908ddeB3Bd144C0283Ac5ca7cA0
"","",0x53a333e51e96fe288bc9add7cdc4b1ead2cd2ffa,0xdeaf10d2b1307af9ac2c12eb2591b7d18518cf495d5921da90cad5a7b4489239,26800951,999,MetaMorpho,34,INFO,0xb02125953c34e2d1a4495c7f15b33737e036ac36b24b3235cf7630d19cea6e17,1,"[{""marketId"":""0x1c6b87ae1b97071ef444eedcba9f5a92cfe974edbbcaa1946644fc7ab0e283af"",""supplyAPY"":""0"",""supplyBalance"":""0"",""usdBalance"":""0""},{""marketId"":""0xb5b575e402c7c19def8661069c39464c8bf3297b638e64d841b09a4eb2807de5"",""supplyAPY"":""1.78569450546627304419"",""supplyBalance"":""5882.5705567044340336969313172745824"",""usdBalance"":""5882.5705567044340336969313172745824""},{""marketId"":""0xa62327642e110efd38ba2d153867a8625c8dc40832e1d211ba4f4151c3de9050"",""supplyAPY"":""20.10456065616398772876"",""supplyBalance"":""27059.3671027054248586478279140803624"",""usdBalance"":""27059.3671027054248586478279140803624""},{""marketId"":""0xd173e9d80aeacac486b46a9a849ecb386cec260cc7dd5be0db3505a0f9f93fb5"",""supplyAPY"":""0.05214900726359337745"",""supplyBalance"":""7.2217027566343423004910141e-7"",""usdBalance"":""7.2217027566343423004910141e-7""},{""marketId"":""0xc5526286d537c890fdd879d17d80c4a22dc7196c1e1fff0dd6c853692a759c62"",""supplyAPY"":""8.34366202291359152751"",""supplyBalance"":""2722.06668746819986115704934297474492"",""usdBalance"":""2722.06668746819986115704934297474492""},{""marketId"":""0x78f6b57d825ef01a5dc496ad1f426a6375c685047d07a30cd07ac5107ffc7976"",""supplyAPY"":""7.4378238589928400603"",""supplyBalance"":""330799.78564659458336652373982418831072"",""usdBalance"":""330799.78564659458336652373982418831072""},{""marketId"":""0x707dddc200e95dc984feb185abf1321cabec8486dca5a9a96fb5202184106e54"",""supplyAPY"":""7.34054586426116129604"",""supplyBalance"":""50477.87409641865212145094190812252512"",""usdBalance"":""50477.87409641865212145094190812252512""}]",Morpho,2026-02-09T05:41:53.000000+0000,0x53A333e51E96FE288bC9aDd7cdC4B1EAD2CD2FfA
"","",0xe5add96840f0b908ddeb3bd144c0283ac5ca7ca0,0xdeaf10d2b1307af9ac2c12eb2591b7d18518cf495d5921da90cad5a7b4489239,26800951,999,MetaMorpho,45,INFO,0xb02125953c34e2d1a4495c7f15b33737e036ac36b24b3235cf7630d19cea6e17,1,"[{""marketId"":""0x1c6b87ae1b97071ef444eedcba9f5a92cfe974edbbcaa1946644fc7ab0e283af"",""supplyAPY"":""0"",""supplyBalance"":""19622.076144"",""usdBalance"":""19622.076144""},{""marketId"":""0xa24d04c3aff60d49b3475f0084334546cbf66182e788b6bf173e6f9990b2c816"",""supplyAPY"":""61.91403411319710495776"",""supplyBalance"":""0"",""usdBalance"":""0""},{""marketId"":""0xb5b575e402c7c19def8661069c39464c8bf3297b638e64d841b09a4eb2807de5"",""supplyAPY"":""1.78569450546627304419"",""supplyBalance"":""3534.9798583127020216178994875560208"",""usdBalance"":""3534.9798583127020216178994875560208""},{""marketId"":""0xebeabb17bd69d4b8ed6929a821d69478b564f4cc604d0995944c9da8b5cb3f04"",""supplyAPY"":""24.41160819959879008371"",""supplyBalance"":""0"",""usdBalance"":""0""},{""marketId"":""0x31aaa663d718e83ea15326ec110c4bcf5e123585d0b6c4d0ad61a50c4aa65b1e"",""supplyAPY"":""59.97203963197162390825"",""supplyBalance"":""94258.64618855327441011409145588094612"",""usdBalance"":""94258.64618855327441011409145588094612""},{""marketId"":""0xfbe436e9aa361487f0c3e4ff94c88aea72887a4482c6b8bcfec60a8584cdb05e"",""supplyAPY"":""4.33270796252616666117"",""supplyBalance"":""4999.64369327932975787677985634479676"",""usdBalance"":""4999.64369327932975787677985634479676""},{""marketId"":""0x78f6b57d825ef01a5dc496ad1f426a6375c685047d07a30cd07ac5107ffc7976"",""supplyAPY"":""7.4378238589928400603"",""supplyBalance"":""91546.09988004158724434006993309897376"",""usdBalance"":""91546.09988004158724434006993309897376""},{""marketId"":""0xace279b5c6eff0a1ce7287249369fa6f4d3d32225e1629b04ef308e0eb568fb0"",""supplyAPY"":""7.52993371970623170294"",""supplyBalance"":""73344.48398003848965443208919391552704"",""usdBalance"":""73344.48398003848965443208919391552704""},{""marketId"":""0x707dddc200e95dc984feb185abf1321cabec8486dca5a9a96fb5202184106e54"",""supplyAPY"":""7.34054586426116129604"",""supplyBalance"":""25000.0000000249436064358584522485904"",""usdBalance"":""25000.0000000249436064358584522485904""},{""marketId"":""0x09ed416b38a29e077383da5ae4200523e54e33ecff6e148c2590969a9852513f"",""supplyAPY"":""2.51251698084912296486"",""supplyBalance"":""64.6796647515685918496673107810768"",""usdBalance"":""64.6796647515685918496673107810768""},{""marketId"":""0xd5a9fba2309a0b85972a96f2cc45f9784e786d712944d8fc0b31a6d9cb4f21d3"",""supplyAPY"":""6.33398966877634228051"",""supplyBalance"":""0"",""usdBalance"":""0""},{""marketId"":""0xd2e8f6fd195556222d7a0314d4fb93fdf84ae920faaebba6dbcf584ac865e1f5"",""supplyAPY"":""6.27030281238483096974"",""supplyBalance"":""0"",""usdBalance"":""0""},{""marketId"":""0xf9f0473b23ebeb82c83078f0f0f77f27ac534c9fb227cb4366e6057b6163ffbf"",""supplyAPY"":""5.53084004514693187701"",""supplyBalance"":""0"",""usdBalance"":""0""},{""marketId"":""0x6eb4ce92dc1d89abd40f9634249ec28e8ab4e3f9bef0ab47ea784773c140d4ef"",""supplyAPY"":""5.98187724191037547174"",""supplyBalance"":""0"",""usdBalance"":""0""}]",Morpho,2026-02-09T05:41:53.000000+0000,0xe5ADd96840F0B908ddeB3Bd144C0283Ac5ca7cA0
"","",0x53a333e51e96fe288bc9add7cdc4b1ead2cd2ffa,0x3001a666f83d4d4ebd3e197a19fbf1f742d77bb90f5f7c4a04343b1954702a66,26800952,999,MetaMorpho,5,INFO,0xeda923232f65524c22b1ae63b987e256bfbe45068bf328d2a3e0fe0fe7a31a3a,0,"[{""marketId"":""0x1c6b87ae1b97071ef444eedcba9f5a92cfe974edbbcaa1946644fc7ab0e283af"",""supplyAPY"":""0"",""supplyBalance"":""0"",""usdBalance"":""0""},{""marketId"":""0xb5b575e402c7c19def8661069c39464c8bf3297b638e64d841b09a4eb2807de5"",""supplyAPY"":""8.28722906688630495792"",""supplyBalance"":""5882.5186555376886990978181632424917"",""usdBalance"":""5882.5186555376886990978181632424917""},{""marketId"":""0xa62327642e110efd38ba2d153867a8625c8dc40832e1d211ba4f4151c3de9050"",""supplyAPY"":""12.07674306203822452471"",""supplyBalance"":""27059.43437666593166921666403332559563"",""usdBalance"":""27059.43437666593166921666403332559563""},{""marketId"":""0xd173e9d80aeacac486b46a9a849ecb386cec260cc7dd5be0db3505a0f9f93fb5"",""supplyAPY"":""0.05214900726359337745"",""supplyBalance"":""7.2217027566343423004910141e-7"",""usdBalance"":""7.2217027566343423004910141e-7""},{""marketId"":""0xc5526286d537c890fdd879d17d80c4a22dc7196c1e1fff0dd6c853692a759c62"",""supplyAPY"":""8.34366202291359152751"",""supplyBalance"":""2722.06668746819986115704934297474492"",""usdBalance"":""2722.06668746819986115704934297474492""},{""marketId"":""0x78f6b57d825ef01a5dc496ad1f426a6375c685047d07a30cd07ac5107ffc7976"",""supplyAPY"":""7.4378238589928400603"",""supplyBalance"":""330799.78564659458336652373982418831072"",""usdBalance"":""330799.78564659458336652373982418831072""},{""marketId"":""0x707dddc200e95dc984feb185abf1321cabec8486dca5a9a96fb5202184106e54"",""supplyAPY"":""7.34054586426116129604"",""supplyBalance"":""50477.87409641865212145094190812252512"",""usdBalance"":""50477.87409641865212145094190812252512""}]",Morpho,2026-02-09T05:41:54.000000+0000,0x53A333e51E96FE288bC9aDd7cdC4B1EAD2CD2FfA
"","",0xe5add96840f0b908ddeb3bd144c0283ac5ca7ca0,0x3001a666f83d4d4ebd3e197a19fbf1f742d77bb90f5f7c4a04343b1954702a66,26800952,999,MetaMorpho,18,INFO,0xeda923232f65524c22b1ae63b987e256bfbe45068bf328d2a3e0fe0fe7a31a3a,0,"[{""marketId"":""0x1c6b87ae1b97071ef444eedcba9f5a92cfe974edbbcaa1946644fc7ab0e283af"",""supplyAPY"":""0"",""supplyBalance"":""19622.116375"",""usdBalance"":""19622.116375""},{""marketId"":""0xa24d04c3aff60d49b3475f0084334546cbf66182e788b6bf173e6f9990b2c816"",""supplyAPY"":""61.88468156195698008149"",""supplyBalance"":""0"",""usdBalance"":""0""},{""marketId"":""0xb5b575e402c7c19def8661069c39464c8bf3297b638e64d841b09a4eb2807de5"",""supplyAPY"":""1.78809280977833532354"",""supplyBalance"":""3534.9798601236382486152976667175129"",""usdBalance"":""3534.9798601236382486152976667175129""},{""marketId"":""0xebeabb17bd69d4b8ed6929a821d69478b564f4cc604d0995944c9da8b5cb3f04"",""supplyAPY"":""24.41163876767078594535"",""supplyBalance"":""0"",""usdBalance"":""0""},{""marketId"":""0x31aaa663d718e83ea15326ec110c4bcf5e123585d0b6c4d0ad61a50c4aa65b1e"",""supplyAPY"":""11.47668973294171048609"",""supplyBalance"":""94258.99835730269227175870774882311854"",""usdBalance"":""94258.99835730269227175870774882311854""},{""marketId"":""0xfbe436e9aa361487f0c3e4ff94c88aea72887a4482c6b8bcfec60a8584cdb05e"",""supplyAPY"":""7.22989339476696181461"",""supplyBalance"":""4999.9228791510002376244497588640724"",""usdBalance"":""4999.9228791510002376244497588640724""},{""marketId"":""0x78f6b57d825ef01a5dc496ad1f426a6375c685047d07a30cd07ac5107ffc7976"",""supplyAPY"":""7.4378238589928400603"",""supplyBalance"":""91546.09988004158724434006993309897376"",""usdBalance"":""91546.09988004158724434006993309897376""},{""marketId"":""0xace279b5c6eff0a1ce7287249369fa6f4d3d32225e1629b04ef308e0eb568fb0"",""supplyAPY"":""9.51686485408755685135"",""supplyBalance"":""73335.45631998316762492286358830754148"",""usdBalance"":""73335.45631998316762492286358830754148""},{""marketId"":""0x707dddc200e95dc984feb185abf1321cabec8486dca5a9a96fb5202184106e54"",""supplyAPY"":""7.34054586426116129604"",""supplyBalance"":""25000.0000000249436064358584522485904"",""usdBalance"":""25000.0000000249436064358584522485904""},{""marketId"":""0x09ed416b38a29e077383da5ae4200523e54e33ecff6e148c2590969a9852513f"",""supplyAPY"":""2.51251698084912296486"",""supplyBalance"":""64.6796647515685918496673107810768"",""usdBalance"":""64.6796647515685918496673107810768""},{""marketId"":""0xd5a9fba2309a0b85972a96f2cc45f9784e786d712944d8fc0b31a6d9cb4f21d3"",""supplyAPY"":""6.33398966877634228051"",""supplyBalance"":""0"",""usdBalance"":""0""},{""marketId"":""0xd2e8f6fd195556222d7a0314d4fb93fdf84ae920faaebba6dbcf584ac865e1f5"",""supplyAPY"":""6.27394761154607099408"",""supplyBalance"":""0"",""usdBalance"":""0""},{""marketId"":""0xf9f0473b23ebeb82c83078f0f0f77f27ac534c9fb227cb4366e6057b6163ffbf"",""supplyAPY"":""6.28040488543711222908"",""supplyBalance"":""0"",""usdBalance"":""0""},{""marketId"":""0x6eb4ce92dc1d89abd40f9634249ec28e8ab4e3f9bef0ab47ea784773c140d4ef"",""supplyAPY"":""5.98187724191037547174"",""supplyBalance"":""0"",""usdBalance"":""0""}]",Morpho,2026-02-09T05:41:54.000000+0000,0xe5ADd96840F0B908ddeB3Bd144C0283Ac5ca7cA0
"","",0x53a333e51e96fe288bc9add7cdc4b1ead2cd2ffa,0xd459472a0714bd8089db2b88140f46da7275fb35d0446398b04d80e223df7050,26801131,999,MetaMorpho,5,INFO,0x87e493361591a889bf1caba432395cd276f5b7cd39fd078004a96795f6628479,0,"[{""marketId"":""0x1c6b87ae1b97071ef444eedcba9f5a92cfe974edbbcaa1946644fc7ab0e283af"",""supplyAPY"":""0"",""supplyBalance"":""0"",""usdBalance"":""0""},{""marketId"":""0xb5b575e402c7c19def8661069c39464c8bf3297b638e64d841b09a4eb2807de5"",""supplyAPY"":""2.45223836489353265495"",""supplyBalance"":""737.33425113675203039944870295768016"",""usdBalance"":""737.33425113675203039944870295768016""},{""marketId"":""0xa62327642e110efd38ba2d153867a8625c8dc40832e1d211ba4f4151c3de9050"",""supplyAPY"":""15.1846804728593733298"",""supplyBalance"":""26338.02800429029759930409044753939821"",""usdBalance"":""26338.02800429029759930409044753939821""},{""marketId"":""0xd173e9d80aeacac486b46a9a849ecb386cec260cc7dd5be0db3505a0f9f93fb5"",""supplyAPY"":""0.05214900726359337745"",""supplyBalance"":""7.2217027566343423004910141e-7"",""usdBalance"":""7.2217027566343423004910141e-7""},{""marketId"":""0xc5526286d537c890fdd879d17d80c4a22dc7196c1e1fff0dd6c853692a759c62"",""supplyAPY"":""19.49367493046581966905"",""supplyBalance"":""2722.07550411743906881103751456698125"",""usdBalance"":""2722.07550411743906881103751456698125""},{""marketId"":""0x78f6b57d825ef01a5dc496ad1f426a6375c685047d07a30cd07ac5107ffc7976"",""supplyAPY"":""7.84818078787965992026"",""supplyBalance"":""337471.6075657265560006298781831439035"",""usdBalance"":""337471.6075657265560006298781831439035""},{""marketId"":""0x707dddc200e95dc984feb185abf1321cabec8486dca5a9a96fb5202184106e54"",""supplyAPY"":""7.31092378975811750815"",""supplyBalance"":""44658.94473129500816182059967913077464"",""usdBalance"":""44658.94473129500816182059967913077464""}]",Morpho,2026-02-09T05:44:50.000000+0000,0x53A333e51E96FE288bC9aDd7cdC4B1EAD2CD2FfA
"","",0xe5add96840f0b908ddeb3bd144c0283ac5ca7ca0,0xd459472a0714bd8089db2b88140f46da7275fb35d0446398b04d80e223df7050,26801131,999,MetaMorpho,33,INFO,0x87e493361591a889bf1caba432395cd276f5b7cd39fd078004a96795f6628479,0,"[{""marketId"":""0x1c6b87ae1b97071ef444eedcba9f5a92cfe974edbbcaa1946644fc7ab0e283af"",""supplyAPY"":""0"",""supplyBalance"":""5044.477539"",""usdBalance"":""5044.477539""},{""marketId"":""0xa24d04c3aff60d49b3475f0084334546cbf66182e788b6bf173e6f9990b2c816"",""supplyAPY"":""61.88468156195698008149"",""supplyBalance"":""0"",""usdBalance"":""0""},{""marketId"":""0xb5b575e402c7c19def8661069c39464c8bf3297b638e64d841b09a4eb2807de5"",""supplyAPY"":""8.2018255595220659672"",""supplyBalance"":""5000.000523632113991541066633399084"",""usdBalance"":""5000.000523632113991541066633399084""},{""marketId"":""0xebeabb17bd69d4b8ed6929a821d69478b564f4cc604d0995944c9da8b5cb3f04"",""supplyAPY"":""24.41163876767078594535"",""supplyBalance"":""0"",""usdBalance"":""0""},{""marketId"":""0x31aaa663d718e83ea15326ec110c4bcf5e123585d0b6c4d0ad61a50c4aa65b1e"",""supplyAPY"":""11.18043972211416375821"",""supplyBalance"":""94792.4525816376554550447363091856544"",""usdBalance"":""94792.4525816376554550447363091856544""},{""marketId"":""0xfbe436e9aa361487f0c3e4ff94c88aea72887a4482c6b8bcfec60a8584cdb05e"",""supplyAPY"":""7.22989339476696181461"",""supplyBalance"":""4999.9228791510002376244497588640724"",""usdBalance"":""4999.9228791510002376244497588640724""},{""marketId"":""0x78f6b57d825ef01a5dc496ad1f426a6375c685047d07a30cd07ac5107ffc7976"",""supplyAPY"":""7.70512911593159845872"",""supplyBalance"":""110000.0522391835056510201570143863794"",""usdBalance"":""110000.0522391835056510201570143863794""},{""marketId"":""0xace279b5c6eff0a1ce7287249369fa6f4d3d32225e1629b04ef308e0eb568fb0"",""supplyAPY"":""7.36269372536637990148"",""supplyBalance"":""72522.876164975604304682272215132843"",""usdBalance"":""72522.876164975604304682272215132843""},{""marketId"":""0x707dddc200e95dc984feb185abf1321cabec8486dca5a9a96fb5202184106e54"",""supplyAPY"":""7.31092378975811750815"",""supplyBalance"":""25000.0247365443865127931605477009316"",""usdBalance"":""25000.0247365443865127931605477009316""},{""marketId"":""0x09ed416b38a29e077383da5ae4200523e54e33ecff6e148c2590969a9852513f"",""supplyAPY"":""2.51251698084912296486"",""supplyBalance"":""64.6796647515685918496673107810768"",""usdBalance"":""64.6796647515685918496673107810768""},{""marketId"":""0xd5a9fba2309a0b85972a96f2cc45f9784e786d712944d8fc0b31a6d9cb4f21d3"",""supplyAPY"":""6.33398966877634228051"",""supplyBalance"":""0"",""usdBalance"":""0""},{""marketId"":""0xd2e8f6fd195556222d7a0314d4fb93fdf84ae920faaebba6dbcf584ac865e1f5"",""supplyAPY"":""6.27394761154607099408"",""supplyBalance"":""0"",""usdBalance"":""0""},{""marketId"":""0xf9f0473b23ebeb82c83078f0f0f77f27ac534c9fb227cb4366e6057b6163ffbf"",""supplyAPY"":""6.28040488543711222908"",""supplyBalance"":""0"",""usdBalance"":""0""},{""marketId"":""0x6eb4ce92dc1d89abd40f9634249ec28e8ab4e3f9bef0ab47ea784773c140d4ef"",""supplyAPY"":""5.98187724191037547174"",""supplyBalance"":""0"",""usdBalance"":""0""}]",Morpho,2026-02-09T05:44:50.000000+0000,0xe5ADd96840F0B908ddeB3Bd144C0283Ac5ca7cA0
"","",0x53a333e51e96fe288bc9add7cdc4b1ead2cd2ffa,0xd459472a0714bd8089db2b88140f46da7275fb35d0446398b04d80e223df7050,26801131,999,MetaMorpho,48,INFO,0xfe264e860098597e57def39c39fbc00abc0ae8a2450fc847f8268f5c67269b65,1,"[{""marketId"":""0x1c6b87ae1b97071ef444eedcba9f5a92cfe974edbbcaa1946644fc7ab0e283af"",""supplyAPY"":""0"",""supplyBalance"":""0"",""usdBalance"":""0""},{""marketId"":""0xb5b575e402c7c19def8661069c39464c8bf3297b638e64d841b09a4eb2807de5"",""supplyAPY"":""8.2018255595220659672"",""supplyBalance"":""737.334301648396734104219387987787"",""usdBalance"":""737.334301648396734104219387987787""},{""marketId"":""0xa62327642e110efd38ba2d153867a8625c8dc40832e1d211ba4f4151c3de9050"",""supplyAPY"":""8.32413195289086659074"",""supplyBalance"":""26338.02980863892776393607104763415837"",""usdBalance"":""26338.02980863892776393607104763415837""},{""marketId"":""0xd173e9d80aeacac486b46a9a849ecb386cec260cc7dd5be0db3505a0f9f93fb5"",""supplyAPY"":""0.05212619199100010649"",""supplyBalance"":""7.2217027566343423004910141e-7"",""usdBalance"":""7.2217027566343423004910141e-7""},{""marketId"":""0xc5526286d537c890fdd879d17d80c4a22dc7196c1e1fff0dd6c853692a759c62"",""supplyAPY"":""8.36674409976506069345"",""supplyBalance"":""2722.0756906284378869899752327009475"",""usdBalance"":""2722.0756906284378869899752327009475""},{""marketId"":""0x78f6b57d825ef01a5dc496ad1f426a6375c685047d07a30cd07ac5107ffc7976"",""supplyAPY"":""7.70512911593159845872"",""supplyBalance"":""337471.6306813214955470663245820604348"",""usdBalance"":""337471.6306813214955470663245820604348""},{""marketId"":""0x707dddc200e95dc984feb185abf1321cabec8486dca5a9a96fb5202184106e54"",""supplyAPY"":""7.31092378975811750815"",""supplyBalance"":""44658.94473129500816182059967913077464"",""usdBalance"":""44658.94473129500816182059967913077464""}]",Morpho,2026-02-09T05:44:50.000000+0000,0x53A333e51E96FE288bC9aDd7cdC4B1EAD2CD2FfA
"","",0xe5add96840f0b908ddeb3bd144c0283ac5ca7ca0,0xd459472a0714bd8089db2b88140f46da7275fb35d0446398b04d80e223df7050,26801131,999,MetaMorpho,59,INFO,0xfe264e860098597e57def39c39fbc00abc0ae8a2450fc847f8268f5c67269b65,1,"[{""marketId"":""0x1c6b87ae1b97071ef444eedcba9f5a92cfe974edbbcaa1946644fc7ab0e283af"",""supplyAPY"":""0"",""supplyBalance"":""5044.477539"",""usdBalance"":""5044.477539""},{""marketId"":""0xa24d04c3aff60d49b3475f0084334546cbf66182e788b6bf173e6f9990b2c816"",""supplyAPY"":""61.88468156195698008149"",""supplyBalance"":""0"",""usdBalance"":""0""},{""marketId"":""0xb5b575e402c7c19def8661069c39464c8bf3297b638e64d841b09a4eb2807de5"",""supplyAPY"":""8.2018255595220659672"",""supplyBalance"":""5000.000523632113991541066633399084"",""usdBalance"":""5000.000523632113991541066633399084""},{""marketId"":""0xebeabb17bd69d4b8ed6929a821d69478b564f4cc604d0995944c9da8b5cb3f04"",""supplyAPY"":""24.41163876767078594535"",""supplyBalance"":""0"",""usdBalance"":""0""},{""marketId"":""0x31aaa663d718e83ea15326ec110c4bcf5e123585d0b6c4d0ad61a50c4aa65b1e"",""supplyAPY"":""11.18043972211416375821"",""supplyBalance"":""94792.4525816376554550447363091856544"",""usdBalance"":""94792.4525816376554550447363091856544""},{""marketId"":""0xfbe436e9aa361487f0c3e4ff94c88aea72887a4482c6b8bcfec60a8584cdb05e"",""supplyAPY"":""7.22989339476696181461"",""supplyBalance"":""4999.9228791510002376244497588640724"",""usdBalance"":""4999.9228791510002376244497588640724""},{""marketId"":""0x78f6b57d825ef01a5dc496ad1f426a6375c685047d07a30cd07ac5107ffc7976"",""supplyAPY"":""7.70512911593159845872"",""supplyBalance"":""110000.0522391835056510201570143863794"",""usdBalance"":""110000.0522391835056510201570143863794""},{""marketId"":""0xace279b5c6eff0a1ce7287249369fa6f4d3d32225e1629b04ef308e0eb568fb0"",""supplyAPY"":""7.36269372536637990148"",""supplyBalance"":""72522.876164975604304682272215132843"",""usdBalance"":""72522.876164975604304682272215132843""},{""marketId"":""0x707dddc200e95dc984feb185abf1321cabec8486dca5a9a96fb5202184106e54"",""supplyAPY"":""7.31092378975811750815"",""supplyBalance"":""25000.0247365443865127931605477009316"",""usdBalance"":""25000.0247365443865127931605477009316""},{""marketId"":""0x09ed416b38a29e077383da5ae4200523e54e33ecff6e148c2590969a9852513f"",""supplyAPY"":""2.51251698084912296486"",""supplyBalance"":""64.6796647515685918496673107810768"",""usdBalance"":""64.6796647515685918496673107810768""},{""marketId"":""0xd5a9fba2309a0b85972a96f2cc45f9784e786d712944d8fc0b31a6d9cb4f21d3"",""supplyAPY"":""6.33398966877634228051"",""supplyBalance"":""0"",""usdBalance"":""0""},{""marketId"":""0xd2e8f6fd195556222d7a0314d4fb93fdf84ae920faaebba6dbcf584ac865e1f5"",""supplyAPY"":""6.27394761154607099408"",""supplyBalance"":""0"",""usdBalance"":""0""},{""marketId"":""0xf9f0473b23ebeb82c83078f0f0f77f27ac534c9fb227cb4366e6057b6163ffbf"",""supplyAPY"":""6.28040488543711222908"",""supplyBalance"":""0"",""usdBalance"":""0""},{""marketId"":""0x6eb4ce92dc1d89abd40f9634249ec28e8ab4e3f9bef0ab47ea784773c140d4ef"",""supplyAPY"":""5.98187724191037547174"",""supplyBalance"":""0"",""usdBalance"":""0""}]",Morpho,2026-02-09T05:44:50.000000+0000,0xe5ADd96840F0B908ddeB3Bd144C0283Ac5ca7cA0
"","",0x53a333e51e96fe288bc9add7cdc4b1ead2cd2ffa,0x60e2a1210af9af15d5cc8a9159cfb09c58c4730a7064c01b36f5b57bff2726c4,26801137,999,MetaMorpho,5,INFO,0x4eb0f43b10fef33abeee88e0c32230d04d50faa5ac08d515f9b0712225e37c63,0,"[{""marketId"":""0x1c6b87ae1b97071ef444eedcba9f5a92cfe974edbbcaa1946644fc7ab0e283af"",""supplyAPY"":""0"",""supplyBalance"":""0"",""usdBalance"":""0""},{""marketId"":""0xb5b575e402c7c19def8661069c39464c8bf3297b638e64d841b09a4eb2807de5"",""supplyAPY"":""8.2018255595220659672"",""supplyBalance"":""737.334301648396734104219387987787"",""usdBalance"":""737.334301648396734104219387987787""},{""marketId"":""0xa62327642e110efd38ba2d153867a8625c8dc40832e1d211ba4f4151c3de9050"",""supplyAPY"":""8.32413195289086659074"",""supplyBalance"":""26338.02980863892776393607104763415837"",""usdBalance"":""26338.02980863892776393607104763415837""},{""marketId"":""0xd173e9d80aeacac486b46a9a849ecb386cec260cc7dd5be0db3505a0f9f93fb5"",""supplyAPY"":""0.05212619199100010649"",""supplyBalance"":""7.2217027566343423004910141e-7"",""usdBalance"":""7.2217027566343423004910141e-7""},{""marketId"":""0xc5526286d537c890fdd879d17d80c4a22dc7196c1e1fff0dd6c853692a759c62"",""supplyAPY"":""8.36674409976506069345"",""supplyBalance"":""2722.0756906284378869899752327009475"",""usdBalance"":""2722.0756906284378869899752327009475""},{""marketId"":""0x78f6b57d825ef01a5dc496ad1f426a6375c685047d07a30cd07ac5107ffc7976"",""supplyAPY"":""7.70512911593159845872"",""supplyBalance"":""337370.89454975582453455903338356115612"",""usdBalance"":""337370.89454975582453455903338356115612""},{""marketId"":""0x707dddc200e95dc984feb185abf1321cabec8486dca5a9a96fb5202184106e54"",""supplyAPY"":""7.31092378975811750815"",""supplyBalance"":""44658.94473129500816182059967913077464"",""usdBalance"":""44658.94473129500816182059967913077464""}]",Morpho,2026-02-09T05:44:56.000000+0000,0x53A333e51E96FE288bC9aDd7cdC4B1EAD2CD2FfA
"","",0xe5add96840f0b908ddeb3bd144c0283ac5ca7ca0,0x60e2a1210af9af15d5cc8a9159cfb09c58c4730a7064c01b36f5b57bff2726c4,26801137,999,MetaMorpho,27,INFO,0x4eb0f43b10fef33abeee88e0c32230d04d50faa5ac08d515f9b0712225e37c63,0,"[{""marketId"":""0x1c6b87ae1b97071ef444eedcba9f5a92cfe974edbbcaa1946644fc7ab0e283af"",""supplyAPY"":""0"",""supplyBalance"":""5145.213572"",""usdBalance"":""5145.213572""},{""marketId"":""0xa24d04c3aff60d49b3475f0084334546cbf66182e788b6bf173e6f9990b2c816"",""supplyAPY"":""61.88468156195698008149"",""supplyBalance"":""0"",""usdBalance"":""0""},{""marketId"":""0xb5b575e402c7c19def8661069c39464c8bf3297b638e64d841b09a4eb2807de5"",""supplyAPY"":""15.86097761260181758996"",""supplyBalance"":""5000.00066426001027218139882515091208"",""usdBalance"":""5000.00066426001027218139882515091208""},{""marketId"":""0xebeabb17bd69d4b8ed6929a821d69478b564f4cc604d0995944c9da8b5cb3f04"",""supplyAPY"":""24.41163876767078594535"",""supplyBalance"":""0"",""usdBalance"":""0""},{""marketId"":""0x31aaa663d718e83ea15326ec110c4bcf5e123585d0b6c4d0ad61a50c4aa65b1e"",""supplyAPY"":""11.18043972211416375821"",""supplyBalance"":""94792.4525816376554550447363091856544"",""usdBalance"":""94792.4525816376554550447363091856544""},{""marketId"":""0xfbe436e9aa361487f0c3e4ff94c88aea72887a4482c6b8bcfec60a8584cdb05e"",""supplyAPY"":""7.22989339476696181461"",""supplyBalance"":""4999.9228791510002376244497588640724"",""usdBalance"":""4999.9228791510002376244497588640724""},{""marketId"":""0x78f6b57d825ef01a5dc496ad1f426a6375c685047d07a30cd07ac5107ffc7976"",""supplyAPY"":""7.7405850622833544174"",""supplyBalance"":""110000.0538054177286704951751421365383"",""usdBalance"":""110000.0538054177286704951751421365383""},{""marketId"":""0xace279b5c6eff0a1ce7287249369fa6f4d3d32225e1629b04ef308e0eb568fb0"",""supplyAPY"":""7.36269372536637990148"",""supplyBalance"":""72522.876164975604304682272215132843"",""usdBalance"":""72522.876164975604304682272215132843""},{""marketId"":""0x707dddc200e95dc984feb185abf1321cabec8486dca5a9a96fb5202184106e54"",""supplyAPY"":""7.31092378975811750815"",""supplyBalance"":""25000.0247365443865127931605477009316"",""usdBalance"":""25000.0247365443865127931605477009316""},{""marketId"":""0x09ed416b38a29e077383da5ae4200523e54e33ecff6e148c2590969a9852513f"",""supplyAPY"":""2.51251698084912296486"",""supplyBalance"":""64.6796647515685918496673107810768"",""usdBalance"":""64.6796647515685918496673107810768""},{""marketId"":""0xd5a9fba2309a0b85972a96f2cc45f9784e786d712944d8fc0b31a6d9cb4f21d3"",""supplyAPY"":""6.33398966877634228051"",""supplyBalance"":""0"",""usdBalance"":""0""},{""marketId"":""0xd2e8f6fd195556222d7a0314d4fb93fdf84ae920faaebba6dbcf584ac865e1f5"",""supplyAPY"":""6.27394761154607099408"",""supplyBalance"":""0"",""usdBalance"":""0""},{""marketId"":""0xf9f0473b23ebeb82c83078f0f0f77f27ac534c9fb227cb4366e6057b6163ffbf"",""supplyAPY"":""6.28040488543711222908"",""supplyBalance"":""0"",""usdBalance"":""0""},{""marketId"":""0x6eb4ce92dc1d89abd40f9634249ec28e8ab4e3f9bef0ab47ea784773c140d4ef"",""supplyAPY"":""5.98187724191037547174"",""supplyBalance"":""0"",""usdBalance"":""0""}]",Morpho,2026-02-09T05:44:56.000000+0000,0xe5ADd96840F0B908ddeB3Bd144C0283Ac5ca7cA0
"","",0x9c59a9389d8f72de2cdaf1126f36ea4790e2275e,0x28ef8c5fe7c773594ee8862a7ef7f19698ae16f0e9598598fe847136741b9083,26801203,999,MetaMorpho,9,INFO,0x7ae3b1f8357e52fece1317c7df25d83fa491c147116f9c3de949624abc39156a,2,"[{""marketId"":""0xe0a1de770a9a72a083087fe1745c998426aaea984ddf155ea3d5fbba5b759713"",""supplyAPY"":""4.8904650045097e-7"",""supplyBalance"":""1.068332341627909425248428e-7"",""usdBalance"":""1.068332341627909425248428e-7""},{""marketId"":""0xa666cc1147beda1aa50fae4b40cb4c37a51230e84e80dcd31233487060913a8d"",""supplyAPY"":""0"",""supplyBalance"":""0"",""usdBalance"":""0""},{""marketId"":""0x96c7abf76aed53d50b2cc84e2ed17846e0d1c4cc28236d95b6eb3b12dcc86909"",""supplyAPY"":""34.59696474523699286732"",""supplyBalance"":""3065.85105531473207388062612460332525"",""usdBalance"":""3065.85105531473207388062612460332525""},{""marketId"":""0x87272614b7a2022c31ddd7bba8eb21d5ab40a6bcbea671264d59dc732053721d"",""supplyAPY"":""13.34819311264853838635"",""supplyBalance"":""254222.8484493543402469806659899800823"",""usdBalance"":""254222.8484493543402469806659899800823""},{""marketId"":""0x1f79fe1822f6bfe7a70f8e7e5e768efd0c3f10db52af97c2f14e4b71e3130e70"",""supplyAPY"":""0.10853786206285696063"",""supplyBalance"":""216227.31888805465775261555852033363811"",""usdBalance"":""216227.31888805465775261555852033363811""},{""marketId"":""0xc0a3063a0a7755b7d58642e9a6d3be1c05bc974665ef7d3b158784348d4e17c5"",""supplyAPY"":""9.43156757814886150725"",""supplyBalance"":""72816.87981758400235326489925397715252"",""usdBalance"":""72816.87981758400235326489925397715252""}]",Morpho,2026-02-09T05:46:00.000000+0000,0x9c59a9389D8f72DE2CdAf1126F36EA4790E2275e
"","",0x9c59a9389d8f72de2cdaf1126f36ea4790e2275e,0x28ef8c5fe7c773594ee8862a7ef7f19698ae16f0e9598598fe847136741b9083,26801203,999,MetaMorpho,20,INFO,0x7ae3b1f8357e52fece1317c7df25d83fa491c147116f9c3de949624abc39156a,2,"[{""marketId"":""0xe0a1de770a9a72a083087fe1745c998426aaea984ddf155ea3d5fbba5b759713"",""supplyAPY"":""4.8904650045097e-7"",""supplyBalance"":""1.068332341627909425248428e-7"",""usdBalance"":""1.068332341627909425248428e-7""},{""marketId"":""0xa666cc1147beda1aa50fae4b40cb4c37a51230e84e80dcd31233487060913a8d"",""supplyAPY"":""0"",""supplyBalance"":""0"",""usdBalance"":""0""},{""marketId"":""0x96c7abf76aed53d50b2cc84e2ed17846e0d1c4cc28236d95b6eb3b12dcc86909"",""supplyAPY"":""34.59696474523699286732"",""supplyBalance"":""3065.85105531473207388062612460332525"",""usdBalance"":""3065.85105531473207388062612460332525""},{""marketId"":""0x87272614b7a2022c31ddd7bba8eb21d5ab40a6bcbea671264d59dc732053721d"",""supplyAPY"":""13.34819311264853838635"",""supplyBalance"":""254222.8484493543402469806659899800823"",""usdBalance"":""254222.8484493543402469806659899800823""},{""marketId"":""0x1f79fe1822f6bfe7a70f8e7e5e768efd0c3f10db52af97c2f14e4b71e3130e70"",""supplyAPY"":""0.10050371526174564895"",""supplyBalance"":""216227.31935136079036539437538943470669"",""usdBalance"":""216227.31935136079036539437538943470669""},{""marketId"":""0xc0a3063a0a7755b7d58642e9a6d3be1c05bc974665ef7d3b158784348d4e17c5"",""supplyAPY"":""9.43156757814886150725"",""supplyBalance"":""72816.87981758400235326489925397715252"",""usdBalance"":""72816.87981758400235326489925397715252""}]",Morpho,2026-02-09T05:46:00.000000+0000,0x9c59a9389D8f72DE2CdAf1126F36EA4790E2275e
"","",0x66c71204b70ae27be6dc3eb41f9af5868e68fdb6,0xf37ba359e099859fbafb6be3d3a54365426190a4a590a47ed0086b27536955d3,26801264,999,MetaMorpho,8,INFO,0xb48c1b974da5083ab7fd2f154653f0660dd4c6acb7dc6e556386206da07c1e7f,2,"[{""marketId"":""0xa666cc1147beda1aa50fae4b40cb4c37a51230e84e80dcd31233487060913a8d"",""supplyAPY"":""0"",""supplyBalance"":""0"",""usdBalance"":""0""},{""marketId"":""0x920244a8682a53b17fe15597b63abdaa3aecec44e070379c5e43897fb9f42a2b"",""supplyAPY"":""193.23138536662929774301"",""supplyBalance"":""1.29593308098321683924267411838639"",""usdBalance"":""1.29593308098321683924267411838639""},{""marketId"":""0xb5b215bd2771f5ed73125bf6a02e7b743fadc423dfbb095ad59df047c50d3e81"",""supplyAPY"":""256.30337195651906978059"",""supplyBalance"":""0.22948563495841116569281948070636"",""usdBalance"":""0.22948563495841116569281948070636""},{""marketId"":""0xe500760b79e397869927a5275d64987325faae43326daf6be5a560184e30a521"",""supplyAPY"":""7.63796478046667986662"",""supplyBalance"":""159514.1198866291084636826347745608068"",""usdBalance"":""159514.1198866291084636826347745608068""}]",Morpho,2026-02-09T05:47:00.000000+0000,0x66c71204B70aE27BE6dC3eb41F9aF5868E68fDb6
"","",0x66c71204b70ae27be6dc3eb41f9af5868e68fdb6,0xf37ba359e099859fbafb6be3d3a54365426190a4a590a47ed0086b27536955d3,26801264,999,MetaMorpho,19,INFO,0xb48c1b974da5083ab7fd2f154653f0660dd4c6acb7dc6e556386206da07c1e7f,2,"[{""marketId"":""0xa666cc1147beda1aa50fae4b40cb4c37a51230e84e80dcd31233487060913a8d"",""supplyAPY"":""0"",""supplyBalance"":""0"",""usdBalance"":""0""},{""marketId"":""0x920244a8682a53b17fe15597b63abdaa3aecec44e070379c5e43897fb9f42a2b"",""supplyAPY"":""193.23138536662929774301"",""supplyBalance"":""1.29593308098321683924267411838639"",""usdBalance"":""1.29593308098321683924267411838639""},{""marketId"":""0xb5b215bd2771f5ed73125bf6a02e7b743fadc423dfbb095ad59df047c50d3e81"",""supplyAPY"":""256.30337195651906978059"",""supplyBalance"":""0.22948563495841116569281948070636"",""usdBalance"":""0.22948563495841116569281948070636""},{""marketId"":""0xe500760b79e397869927a5275d64987325faae43326daf6be5a560184e30a521"",""supplyAPY"":""7.60007166713381701793"",""supplyBalance"":""159514.16515496755346784147727424056992"",""usdBalance"":""159514.16515496755346784147727424056992""}]",Morpho,2026-02-09T05:47:00.000000+0000,0x66c71204B70aE27BE6dC3eb41F9aF5868E68fDb6
"","",0xfc5126377f0efc0041c0969ef9ba903ce67d151e,0x4e8f6bef68b968759a9d9f85f2690ee10269afcd1fc9ba4ad3e041530ff375d7,26801289,999,MetaMorpho,3,INFO,0xbe13ce79a0c3708d8ac5cd12d946fd5da7736f8e755483259d658cd2c22871eb,0,"[{""marketId"":""0x89fffba6e66db52690eed7aebe95d225388bd5c3c66950f759150e14d550cd86"",""supplyAPY"":""0"",""supplyBalance"":""6.8304205273628915743092816e-7"",""usdBalance"":""6.8304205273628915743092816e-7""},{""marketId"":""0x888679b2af61343a4c7c0da0639fc5ca5fc5727e246371c4425e4d634c09e1f6"",""supplyAPY"":""0.00318708748457421396"",""supplyBalance"":""4.9132726498490640573706986e-7"",""usdBalance"":""4.9132726498490640573706986e-7""},{""marketId"":""0x1c6b87ae1b97071ef444eedcba9f5a92cfe974edbbcaa1946644fc7ab0e283af"",""supplyAPY"":""0"",""supplyBalance"":""0"",""usdBalance"":""0""},{""marketId"":""0x78f6b57d825ef01a5dc496ad1f426a6375c685047d07a30cd07ac5107ffc7976"",""supplyAPY"":""6.95301818549018328388"",""supplyBalance"":""6433446.49656204127431262472519840422749"",""usdBalance"":""6433446.49656204127431262472519840422749""},{""marketId"":""0xace279b5c6eff0a1ce7287249369fa6f4d3d32225e1629b04ef308e0eb568fb0"",""supplyAPY"":""8.21712511237576770962"",""supplyBalance"":""5401893.73006552441531067400277331628896"",""usdBalance"":""5401893.73006552441531067400277331628896""},{""marketId"":""0x707dddc200e95dc984feb185abf1321cabec8486dca5a9a96fb5202184106e54"",""supplyAPY"":""7.66938435117223642773"",""supplyBalance"":""1632572.41771957662631674506387323320888"",""usdBalance"":""1632572.41771957662631674506387323320888""},{""marketId"":""0xfea758e88403739fee1113b26623f43d3c37b51dc1e1e8231b78b23d1404e439"",""supplyAPY"":""15.46274521923171673062"",""supplyBalance"":""86821.08432040813166884326263478378555"",""usdBalance"":""86821.08432040813166884326263478378555""},{""marketId"":""0xa405d10deb61400d6caecf06f07f395759ad813b83e33c262c9eb48645526f5d"",""supplyAPY"":""0.10765170014398205524"",""supplyBalance"":""477481.40358657878346086487296449882395"",""usdBalance"":""477481.40358657878346086487296449882395""},{""marketId"":""0xb39e45107152f02502c001a46e2d3513f429d2363323cdaffbc55a951a69b998"",""supplyAPY"":""7.60518432174890257212"",""supplyBalance"":""188048.81299437664736613399986110162016"",""usdBalance"":""188048.81299437664736613399986110162016""}]",Morpho,2026-02-09T05:47:25.000000+0000,0xFc5126377F0efc0041C0969Ef9BA903Ce67d151e
"","",0x9896a8605763106e57a51aa0a97fe8099e806bb3,0x94ffb81943292a5d8e4669de0bb183ce3e9478c9910dc794da54db52eab1076b,26801764,999,MetaMorpho,3,INFO,0x8d1c3cfb1ee6d3a73501eed592c6c393aa6c6b46a1f67295dadd6b6b5a4a86d7,0,"[{""marketId"":""0x1c6b87ae1b97071ef444eedcba9f5a92cfe974edbbcaa1946644fc7ab0e283af"",""supplyAPY"":""0"",""supplyBalance"":""0"",""usdBalance"":""0""},{""marketId"":""0xd5a9fba2309a0b85972a96f2cc45f9784e786d712944d8fc0b31a6d9cb4f21d3"",""supplyAPY"":""6.26614428411013242614"",""supplyBalance"":""102974.73349199221692130939130346925446"",""usdBalance"":""102974.73349199221692130939130346925446""},{""marketId"":""0xd2e8f6fd195556222d7a0314d4fb93fdf84ae920faaebba6dbcf584ac865e1f5"",""supplyAPY"":""6.27030281238483096974"",""supplyBalance"":""761509.87179393393104443134111156515457"",""usdBalance"":""761509.87179393393104443134111156515457""},{""marketId"":""0xfbe436e9aa361487f0c3e4ff94c88aea72887a4482c6b8bcfec60a8584cdb05e"",""supplyAPY"":""6.3439872686803933875"",""supplyBalance"":""1110654.0382335835412719069985324424924"",""usdBalance"":""1110654.0382335835412719069985324424924""},{""marketId"":""0xfdece686f16877984325c7a1c192e0f18862bae3829d000a1a62b5bc2b31d4ef"",""supplyAPY"":""20.33803699926951221764"",""supplyBalance"":""1573.72579996698875120152322620140261"",""usdBalance"":""1573.72579996698875120152322620140261""},{""marketId"":""0xf9f0473b23ebeb82c83078f0f0f77f27ac534c9fb227cb4366e6057b6163ffbf"",""supplyAPY"":""6.60972104013343612587"",""supplyBalance"":""219847.96522283004160700827020192858144"",""usdBalance"":""219847.96522283004160700827020192858144""},{""marketId"":""0x6eb4ce92dc1d89abd40f9634249ec28e8ab4e3f9bef0ab47ea784773c140d4ef"",""supplyAPY"":""5.98187724191037547174"",""supplyBalance"":""311886.60591821649300976440380178260634"",""usdBalance"":""311886.60591821649300976440380178260634""},{""marketId"":""0xd5c5b5db889eb5d4f4026b9704cddffbc1356732a37c2b543330c10756ae7a18"",""supplyAPY"":""6.47469779643829011067"",""supplyBalance"":""270329.4306603784257126568351220292772"",""usdBalance"":""270329.4306603784257126568351220292772""},{""marketId"":""0x86d7bc359391486de8cd1204da45c53d6ada60ab9764450dc691e1775b2e8d69"",""supplyAPY"":""6.29197920705169098481"",""supplyBalance"":""78338.2781308021818922090609325984245"",""usdBalance"":""78338.2781308021818922090609325984245""},{""marketId"":""0xd4fd53f612eaf411a1acea053cfa28cbfeea683273c4133bf115b47a20130305"",""supplyAPY"":""6.57634469234384865798"",""supplyBalance"":""19368.16393992770374194039896326405038"",""usdBalance"":""19368.16393992770374194039896326405038""}]",Morpho,2026-02-09T05:55:12.000000+0000,0x9896a8605763106e57A51aa0a97Fe8099E806bb3
"","",0x2900abd73631b2f60747e687095537b673c06a76,0x21c67ab24315d92ceb19e3ea3ac853cebad5ff9d2ddaf6f97346e3d46739cdbe,26801832,999,MetaMorpho,5,INFO,0x81a77e3b46beee9f0ccf0c639e1ff68e146e043cb849263f12d749c8108fca71,0,"[{""marketId"":""0x530d031b595d0ffe3770af0edf0442272a8c9858e50793db308d02b306ad9e2d"",""supplyAPY"":""0"",""supplyBalance"":""8.329486064893925313037e-19"",""usdBalance"":""2.7550477535219594088227974031988e-17""},{""marketId"":""0x1df0d0ebcdc52069692452cb9a3e5cf6c017b237378141eaf08a05ce17205ed6"",""supplyAPY"":""35.66664136212056841905"",""supplyBalance"":""2.08892475285988591394e-20"",""usdBalance"":""6.90929476657493281737635707656e-19""},{""marketId"":""0xae019cf2bf3d650ab4037986405c80ebb83fec18fb120c71bf8889d327caef0f"",""supplyAPY"":""1.36421258972626687066"",""supplyBalance"":""0"",""usdBalance"":""0""},{""marketId"":""0x9e28003bb5c29c1df3552e99b04d656fadf1aedaf81256637dcc51d91cf6c639"",""supplyAPY"":""0"",""supplyBalance"":""0"",""usdBalance"":""0""},{""marketId"":""0x64e7db7f042812d4335947a7cdf6af1093d29478aff5f1ccd93cc67f8aadfddc"",""supplyAPY"":""1.0195100733756744075"",""supplyBalance"":""1279545.6669713057981407710316427502410982310962"",""usdBalance"":""42322051.899164156157407226095348686657037297179204559688""},{""marketId"":""0x6243736b94609da57ca7cb399df512cfae8a112fa5a325d08fd5f4234f5ccd2c"",""supplyAPY"":""1.25531505054428760237"",""supplyBalance"":""33069.6991592187977901562009662880199847679443"",""usdBalance"":""1093808.185384280756568464918274879073706171713443851532""},{""marketId"":""0xe9a9bb9ed3cc53f4ee9da4eea0370c2c566873d5de807e16559a99907c9ae227"",""supplyAPY"":""18.52543803453856641623"",""supplyBalance"":""0"",""usdBalance"":""0""},{""marketId"":""0xbcae0d8e381f600b2919194434a0733899697a4c3b6715a5fa75acf8b84bd755"",""supplyAPY"":""1.26392823573998661109"",""supplyBalance"":""135725.81160284663780822287980989031139603221"",""usdBalance"":""4489245.6681975285299058371555732929413299469359507604""}]",Morpho,2026-02-09T05:56:19.000000+0000,0x2900ABd73631b2f60747e687095537B673c06A76
"","",0x66c71204b70ae27be6dc3eb41f9af5868e68fdb6,0x4eec15a788ffda545f1068cb877e4a2555577286af41f0f251676bc63d355e4a,26801874,999,MetaMorpho,11,INFO,0x73fe52ae453c1f797769892d48dc1f3fe47df5946c1172927544f0a404e367ee,1,"[{""marketId"":""0xa666cc1147beda1aa50fae4b40cb4c37a51230e84e80dcd31233487060913a8d"",""supplyAPY"":""0"",""supplyBalance"":""0"",""usdBalance"":""0""},{""marketId"":""0x920244a8682a53b17fe15597b63abdaa3aecec44e070379c5e43897fb9f42a2b"",""supplyAPY"":""193.42649333755995203878"",""supplyBalance"":""1.2976410397161127979933468643"",""usdBalance"":""1.2976410397161127979933468643""},{""marketId"":""0xb5b215bd2771f5ed73125bf6a02e7b743fadc423dfbb095ad59df047c50d3e81"",""supplyAPY"":""256.56739585024925295795"",""supplyBalance"":""0.22989441678937791857300382478983"",""usdBalance"":""0.22989441678937791857300382478983""},{""marketId"":""0xe500760b79e397869927a5275d64987325faae43326daf6be5a560184e30a521"",""supplyAPY"":""7.63692379228481408368"",""supplyBalance"":""159514.3615823602260151860755862198562"",""usdBalance"":""159514.3615823602260151860755862198562""}]",Morpho,2026-02-09T05:57:00.000000+0000,0x66c71204B70aE27BE6dC3eb41F9aF5868E68fDb6
